Model_Type,Pathway,Exposure,Mediator,Outcome,Z_Covars_Used,G_Covars_Used,Weight_Col_Used,Contrast_X0,Contrast_X1,Contrast_Delta,TE_Estimate,TE_CI_Lower,TE_CI_Upper,NDE_Estimate,NDE_CI_Lower,NDE_CI_Upper,NIE_Estimate,NIE_CI_Lower,NIE_CI_Upper,NIE_Significant,NIE_SignConsistency,N_rows,Bootstrap_Used
RetiSEM_GAM,"LBXTR -> Artery_Vessel_density -> BPXSY2 | Z,G",LBXTR,Artery_Vessel_density,BPXSY2,RIDAGEYR|RIAGENDR|RIDRETH1|INDFMPIR|DMDEDUC3,GREF_AMR|GREF_EUR|GREF_SAS|GREF_entropy,WTMEC2YR,-2.6594637096558045,4.251772125239209,6.911235834895013,-0.6954250095592452,-1.8062376684137051,0.1456132018218121,-0.6251919073595668,-1.6482632424357209,0.22437110190862755,0.062076030036589847,-0.1234755305866801,0.22902234258385493,False,0.7,4055,10
RetiSEM_GAM,"LBXTR -> Artery_Fractal_dimension -> BPXSY2 | Z,G",LBXTR,Artery_Fractal_dimension,BPXSY2,RIDAGEYR|RIAGENDR|RIDRETH1|INDFMPIR|DMDEDUC3,GREF_AMR|GREF_EUR|GREF_SAS|GREF_entropy,WTMEC2YR,-2.6594637096558045,4.251772125239209,6.911235834895013,-0.6954250095592452,-1.8062376684137051,0.1456132018218121,-0.6251919073595668,-1.6482632424357209,0.22437110190862755,0.05317450056687545,-0.08128026793348243,0.1943723837723123,False,0.7,4055,10
RetiSEM_GAM,"LBXTR -> Artery_Average_width -> BPXSY2 | Z,G",LBXTR,Artery_Average_width,BPXSY2,RIDAGEYR|RIAGENDR|RIDRETH1|INDFMPIR|DMDEDUC3,GREF_AMR|GREF_EUR|GREF_SAS|GREF_entropy,WTMEC2YR,-2.6594637096558045,4.251772125239209,6.911235834895013,-0.6954250095592452,-1.8062376684137051,0.1456132018218121,-0.6251919073595668,-1.6482632424357209,0.22437110190862755,0.01196852080163444,-0.08640260428942435,0.14804929772583242,False,0.5,4055,10
RetiSEM_GAM,"LBXTR -> Artery_Tortuosity_density -> BPXSY2 | Z,G",LBXTR,Artery_Tortuosity_density,BPXSY2,RIDAGEYR|RIAGENDR|RIDRETH1|INDFMPIR|DMDEDUC3,GREF_AMR|GREF_EUR|GREF_SAS|GREF_entropy,WTMEC2YR,-2.6594637096558045,4.251772125239209,6.911235834895013,-0.6954250095592452,-1.8062376684137051,0.1456132018218121,-0.6251919073595668,-1.6482632424357209,0.22437110190862755,-0.013611685103843035,-0.12246828807604439,0.1601738132399839,False,0.6,4055,10
RetiSEM_GAM,"LBXTR -> Artery_Distance_tortuosity -> BPXSY2 | Z,G",LBXTR,Artery_Distance_tortuosity,BPXSY2,RIDAGEYR|RIAGENDR|RIDRETH1|INDFMPIR|DMDEDUC3,GREF_AMR|GREF_EUR|GREF_SAS|GREF_entropy,WTMEC2YR,-2.6594637096558045,4.251772125239209,6.911235834895013,-0.6954250095592452,-1.8062376684137051,0.1456132018218121,-0.6251919073595668,-1.6482632424357209,0.22437110190862755,0.0048059586141688294,-0.06157502711619364,0.07000705306998734,False,0.6,4055,10
RetiSEM_GAM,"LBXTR -> Vein_Tortuosity_density -> BPXSY2 | Z,G",LBXTR,Vein_Tortuosity_density,BPXSY2,RIDAGEYR|RIAGENDR|RIDRETH1|INDFMPIR|DMDEDUC3,GREF_AMR|GREF_EUR|GREF_SAS|GREF_entropy,WTMEC2YR,-2.6594637096558045,4.251772125239209,6.911235834895013,-0.6954250095592452,-1.8062376684137051,0.1456132018218121,-0.6251919073595668,-1.6482632424357209,0.22437110190862755,-0.006229461309729669,-0.13344822082765284,0.09580163181832321,False,0.5,4055,10
RetiSEM_GAM,"LBXTR -> Vein_Distance_tortuosity -> BPXSY2 | Z,G",LBXTR,Vein_Distance_tortuosity,BPXSY2,RIDAGEYR|RIAGENDR|RIDRETH1|INDFMPIR|DMDEDUC3,GREF_AMR|GREF_EUR|GREF_SAS|GREF_entropy,WTMEC2YR,-2.6594637096558045,4.251772125239209,6.911235834895013,-0.6954250095592452,-1.8062376684137051,0.1456132018218121,-0.6251919073595668,-1.6482632424357209,0.22437110190862755,-0.008483426757238888,-0.06440501959652642,0.04513064057587515,False,0.6,4055,10
RetiSEM_GAM,"LBXTR -> Artery_Vessel_density -> BPXDI2 | Z,G",LBXTR,Artery_Vessel_density,BPXDI2,RIDAGEYR|RIAGENDR|RIDRETH1|INDFMPIR|DMDEDUC3,GREF_AMR|GREF_EUR|GREF_SAS|GREF_entropy,WTMEC2YR,-2.6594637096558045,4.251772125239209,6.911235834895013,-0.6299502668785094,-1.3392018406312565,0.0896418261172223,-0.6896640820321128,-1.3679166728629832,0.048880788292059135,0.023411285707652767,-0.09659535066793726,0.11955958401204059,False,0.5,4055,10
RetiSEM_GAM,"LBXTR -> Artery_Fractal_dimension -> BPXDI2 | Z,G",LBXTR,Artery_Fractal_dimension,BPXDI2,RIDAGEYR|RIAGENDR|RIDRETH1|INDFMPIR|DMDEDUC3,GREF_AMR|GREF_EUR|GREF_SAS|GREF_entropy,WTMEC2YR,-2.6594637096558045,4.251772125239209,6.911235834895013,-0.6299502668785094,-1.3392018406312565,0.0896418261172223,-0.6896640820321128,-1.3679166728629832,0.048880788292059135,0.01775533857727433,-0.07349904485386277,0.08106050629489478,False,0.9,4055,10
RetiSEM_GAM,"LBXTR -> Artery_Average_width -> BPXDI2 | Z,G",LBXTR,Artery_Average_width,BPXDI2,RIDAGEYR|RIAGENDR|RIDRETH1|INDFMPIR|DMDEDUC3,GREF_AMR|GREF_EUR|GREF_SAS|GREF_entropy,WTMEC2YR,-2.6594637096558045,4.251772125239209,6.911235834895013,-0.6299502668785094,-1.3392018406312565,0.0896418261172223,-0.6896640820321128,-1.3679166728629832,0.048880788292059135,0.049770322092269295,-0.0654883343629133,0.11309174765243864,False,0.8,4055,10
RetiSEM_GAM,"LBXTR -> Artery_Tortuosity_density -> BPXDI2 | Z,G",LBXTR,Artery_Tortuosity_density,BPXDI2,RIDAGEYR|RIAGENDR|RIDRETH1|INDFMPIR|DMDEDUC3,GREF_AMR|GREF_EUR|GREF_SAS|GREF_entropy,WTMEC2YR,-2.6594637096558045,4.251772125239209,6.911235834895013,-0.6299502668785094,-1.3392018406312565,0.0896418261172223,-0.6896640820321128,-1.3679166728629832,0.048880788292059135,0.0047489533037329825,-0.09877196790180565,0.0839357900691997,False,0.5,4055,10
RetiSEM_GAM,"LBXTR -> Artery_Distance_tortuosity -> BPXDI2 | Z,G",LBXTR,Artery_Distance_tortuosity,BPXDI2,RIDAGEYR|RIAGENDR|RIDRETH1|INDFMPIR|DMDEDUC3,GREF_AMR|GREF_EUR|GREF_SAS|GREF_entropy,WTMEC2YR,-2.6594637096558045,4.251772125239209,6.911235834895013,-0.6299502668785094,-1.3392018406312565,0.0896418261172223,-0.6896640820321128,-1.3679166728629832,0.048880788292059135,-0.011291091368037003,-0.0806672197358434,0.038664888599624435,False,0.5,4055,10
RetiSEM_GAM,"LBXTR -> Vein_Tortuosity_density -> BPXDI2 | Z,G",LBXTR,Vein_Tortuosity_density,BPXDI2,RIDAGEYR|RIAGENDR|RIDRETH1|INDFMPIR|DMDEDUC3,GREF_AMR|GREF_EUR|GREF_SAS|GREF_entropy,WTMEC2YR,-2.6594637096558045,4.251772125239209,6.911235834895013,-0.6299502668785094,-1.3392018406312565,0.0896418261172223,-0.6896640820321128,-1.3679166728629832,0.048880788292059135,-0.014467738414903512,-0.1497898372277089,0.06951620204333271,False,0.6,4055,10
RetiSEM_GAM,"LBXTR -> Vein_Distance_tortuosity -> BPXDI2 | Z,G",LBXTR,Vein_Distance_tortuosity,BPXDI2,RIDAGEYR|RIAGENDR|RIDRETH1|INDFMPIR|DMDEDUC3,GREF_AMR|GREF_EUR|GREF_SAS|GREF_entropy,WTMEC2YR,-2.6594637096558045,4.251772125239209,6.911235834895013,-0.6299502668785094,-1.3392018406312565,0.0896418261172223,-0.6896640820321128,-1.3679166728629832,0.048880788292059135,-0.006674670784825626,-0.06840740200514706,0.057620628534406325,False,0.5,4055,10
RetiSEM_GAM,"LBXTR -> Artery_Vessel_density -> BPXSY4 | Z,G",LBXTR,Artery_Vessel_density,BPXSY4,RIDAGEYR|RIAGENDR|RIDRETH1|INDFMPIR|DMDEDUC3,GREF_AMR|GREF_EUR|GREF_SAS|GREF_entropy,WTMEC2YR,-2.6594637096558045,4.251772125239209,6.911235834895013,-0.2702356121531954,-0.48255266666797497,-0.16541602905691125,-0.29302653918682825,-0.538684071228437,-0.1475055760434654,-0.07382860892094059,-0.1692316494170177,0.02633706485508777,False,0.9,4055,10
RetiSEM_GAM,"LBXTR -> Artery_Fractal_dimension -> BPXSY4 | Z,G",LBXTR,Artery_Fractal_dimension,BPXSY4,RIDAGEYR|RIAGENDR|RIDRETH1|INDFMPIR|DMDEDUC3,GREF_AMR|GREF_EUR|GREF_SAS|GREF_entropy,WTMEC2YR,-2.6594637096558045,4.251772125239209,6.911235834895013,-0.2702356121531954,-0.48255266666797497,-0.16541602905691125,-0.29302653918682825,-0.538684071228437,-0.1475055760434654,0.058592456357068376,-0.016365024585294423,0.1497548067514276,False,0.8,4055,10
RetiSEM_GAM,"LBXTR -> Artery_Average_width -> BPXSY4 | Z,G",LBXTR,Artery_Average_width,BPXSY4,RIDAGEYR|RIAGENDR|RIDRETH1|INDFMPIR|DMDEDUC3,GREF_AMR|GREF_EUR|GREF_SAS|GREF_entropy,WTMEC2YR,-2.6594637096558045,4.251772125239209,6.911235834895013,-0.2702356121531954,-0.48255266666797497,-0.16541602905691125,-0.29302653918682825,-0.538684071228437,-0.1475055760434654,0.018100424786672988,-0.0300605637805566,0.07384456378278038,False,0.7,4055,10
RetiSEM_GAM,"LBXTR -> Artery_Tortuosity_density -> BPXSY4 | Z,G",LBXTR,Artery_Tortuosity_density,BPXSY4,RIDAGEYR|RIAGENDR|RIDRETH1|INDFMPIR|DMDEDUC3,GREF_AMR|GREF_EUR|GREF_SAS|GREF_entropy,WTMEC2YR,-2.6594637096558045,4.251772125239209,6.911235834895013,-0.2702356121531954,-0.48255266666797497,-0.16541602905691125,-0.29302653918682825,-0.538684071228437,-0.1475055760434654,0.0015601413561018647,-0.02280507296619034,0.027684447095406562,False,0.4,4055,10
RetiSEM_GAM,"LBXTR -> Artery_Distance_tortuosity -> BPXSY4 | Z,G",LBXTR,Artery_Distance_tortuosity,BPXSY4,RIDAGEYR|RIAGENDR|RIDRETH1|INDFMPIR|DMDEDUC3,GREF_AMR|GREF_EUR|GREF_SAS|GREF_entropy,WTMEC2YR,-2.6594637096558045,4.251772125239209,6.911235834895013,-0.2702356121531954,-0.48255266666797497,-0.16541602905691125,-0.29302653918682825,-0.538684071228437,-0.1475055760434654,-0.009975145736111902,-0.040111113284217445,0.013071874684833153,False,0.7,4055,10
RetiSEM_GAM,"LBXTR -> Vein_Tortuosity_density -> BPXSY4 | Z,G",LBXTR,Vein_Tortuosity_density,BPXSY4,RIDAGEYR|RIAGENDR|RIDRETH1|INDFMPIR|DMDEDUC3,GREF_AMR|GREF_EUR|GREF_SAS|GREF_entropy,WTMEC2YR,-2.6594637096558045,4.251772125239209,6.911235834895013,-0.2702356121531954,-0.48255266666797497,-0.16541602905691125,-0.29302653918682825,-0.538684071228437,-0.1475055760434654,-0.025311876110227078,-0.05539263061203461,0.0026546625423159898,False,0.8,4055,10
RetiSEM_GAM,"LBXTR -> Vein_Distance_tortuosity -> BPXSY4 | Z,G",LBXTR,Vein_Distance_tortuosity,BPXSY4,RIDAGEYR|RIAGENDR|RIDRETH1|INDFMPIR|DMDEDUC3,GREF_AMR|GREF_EUR|GREF_SAS|GREF_entropy,WTMEC2YR,-2.6594637096558045,4.251772125239209,6.911235834895013,-0.2702356121531954,-0.48255266666797497,-0.16541602905691125,-0.29302653918682825,-0.538684071228437,-0.1475055760434654,0.00486041071810245,-0.024154195288879472,0.06094346632639846,False,0.4,4055,10
RetiSEM_GAM,"LBXTR -> Artery_Vessel_density -> BPXDI4 | Z,G",LBXTR,Artery_Vessel_density,BPXDI4,RIDAGEYR|RIAGENDR|RIDRETH1|INDFMPIR|DMDEDUC3,GREF_AMR|GREF_EUR|GREF_SAS|GREF_entropy,WTMEC2YR,-2.6594637096558045,4.251772125239209,6.911235834895013,-0.1948250391129902,-0.30712827878756965,-0.06619159483562105,-0.20934177478068489,-0.34237680723286534,-0.09188464913789904,0.002434233140407887,-0.03539221451462175,0.05030626424369466,False,0.5,4055,10
RetiSEM_GAM,"LBXTR -> Artery_Fractal_dimension -> BPXDI4 | Z,G",LBXTR,Artery_Fractal_dimension,BPXDI4,RIDAGEYR|RIAGENDR|RIDRETH1|INDFMPIR|DMDEDUC3,GREF_AMR|GREF_EUR|GREF_SAS|GREF_entropy,WTMEC2YR,-2.6594637096558045,4.251772125239209,6.911235834895013,-0.1948250391129902,-0.30712827878756965,-0.06619159483562105,-0.20934177478068489,-0.34237680723286534,-0.09188464913789904,-0.0009989766032095294,-0.04182912201464514,0.03475996393207989,False,0.4,4055,10
RetiSEM_GAM,"LBXTR -> Artery_Average_width -> BPXDI4 | Z,G",LBXTR,Artery_Average_width,BPXDI4,RIDAGEYR|RIAGENDR|RIDRETH1|INDFMPIR|DMDEDUC3,GREF_AMR|GREF_EUR|GREF_SAS|GREF_entropy,WTMEC2YR,-2.6594637096558045,4.251772125239209,6.911235834895013,-0.1948250391129902,-0.30712827878756965,-0.06619159483562105,-0.20934177478068489,-0.34237680723286534,-0.09188464913789904,3.763369150828107e-05,-0.018616565619298413,0.011943681217382424,False,0.7,4055,10
RetiSEM_GAM,"LBXTR -> Artery_Tortuosity_density -> BPXDI4 | Z,G",LBXTR,Artery_Tortuosity_density,BPXDI4,RIDAGEYR|RIAGENDR|RIDRETH1|INDFMPIR|DMDEDUC3,GREF_AMR|GREF_EUR|GREF_SAS|GREF_entropy,WTMEC2YR,-2.6594637096558045,4.251772125239209,6.911235834895013,-0.1948250391129902,-0.30712827878756965,-0.06619159483562105,-0.20934177478068489,-0.34237680723286534,-0.09188464913789904,-0.00580241589545071,-0.025779082755214882,0.008028165433796785,False,0.6,4055,10
RetiSEM_GAM,"LBXTR -> Artery_Distance_tortuosity -> BPXDI4 | Z,G",LBXTR,Artery_Distance_tortuosity,BPXDI4,RIDAGEYR|RIAGENDR|RIDRETH1|INDFMPIR|DMDEDUC3,GREF_AMR|GREF_EUR|GREF_SAS|GREF_entropy,WTMEC2YR,-2.6594637096558045,4.251772125239209,6.911235834895013,-0.1948250391129902,-0.30712827878756965,-0.06619159483562105,-0.20934177478068489,-0.34237680723286534,-0.09188464913789904,-0.005343382151618274,-0.022777164788419655,0.0035269533123864173,False,0.7,4055,10
RetiSEM_GAM,"LBXTR -> Vein_Tortuosity_density -> BPXDI4 | Z,G",LBXTR,Vein_Tortuosity_density,BPXDI4,RIDAGEYR|RIAGENDR|RIDRETH1|INDFMPIR|DMDEDUC3,GREF_AMR|GREF_EUR|GREF_SAS|GREF_entropy,WTMEC2YR,-2.6594637096558045,4.251772125239209,6.911235834895013,-0.1948250391129902,-0.30712827878756965,-0.06619159483562105,-0.20934177478068489,-0.34237680723286534,-0.09188464913789904,-0.004367941279467975,-0.015416878037685268,0.0015567152086485548,False,0.8,4055,10
RetiSEM_GAM,"LBXTR -> Vein_Distance_tortuosity -> BPXDI4 | Z,G",LBXTR,Vein_Distance_tortuosity,BPXDI4,RIDAGEYR|RIAGENDR|RIDRETH1|INDFMPIR|DMDEDUC3,GREF_AMR|GREF_EUR|GREF_SAS|GREF_entropy,WTMEC2YR,-2.6594637096558045,4.251772125239209,6.911235834895013,-0.1948250391129902,-0.30712827878756965,-0.06619159483562105,-0.20934177478068489,-0.34237680723286534,-0.09188464913789904,-0.001736097583973575,-0.01366345061895012,0.01719925174388331,False,0.7,4055,10
RetiSEM_GAM,"LBXTR -> Artery_Vessel_density -> LBXGLU | Z,G",LBXTR,Artery_Vessel_density,LBXGLU,RIDAGEYR|RIAGENDR|RIDRETH1|INDFMPIR|DMDEDUC3,GREF_AMR|GREF_EUR|GREF_SAS|GREF_entropy,WTMEC2YR,-2.6594637096558045,4.251772125239209,6.911235834895013,4.276518935568058,0.7300174025023082,6.327681349459612,4.285099124158408,0.7855557714455256,6.31798241697834,-0.08326406544680835,-0.23618697177934522,0.054946276973566195,False,0.9,4055,10
RetiSEM_GAM,"LBXTR -> Artery_Fractal_dimension -> LBXGLU | Z,G",LBXTR,Artery_Fractal_dimension,LBXGLU,RIDAGEYR|RIAGENDR|RIDRETH1|INDFMPIR|DMDEDUC3,GREF_AMR|GREF_EUR|GREF_SAS|GREF_entropy,WTMEC2YR,-2.6594637096558045,4.251772125239209,6.911235834895013,4.276518935568058,0.7300174025023082,6.327681349459612,4.285099124158408,0.7855557714455256,6.31798241697834,0.10783938213128805,-0.06402189620161217,0.26863109333448937,False,0.9,4055,10
RetiSEM_GAM,"LBXTR -> Artery_Average_width -> LBXGLU | Z,G",LBXTR,Artery_Average_width,LBXGLU,RIDAGEYR|RIAGENDR|RIDRETH1|INDFMPIR|DMDEDUC3,GREF_AMR|GREF_EUR|GREF_SAS|GREF_entropy,WTMEC2YR,-2.6594637096558045,4.251772125239209,6.911235834895013,4.276518935568058,0.7300174025023082,6.327681349459612,4.285099124158408,0.7855557714455256,6.31798241697834,-0.003436187992833538,-0.07029106257546759,0.07000158579166214,False,0.5,4055,10
RetiSEM_GAM,"LBXTR -> Artery_Tortuosity_density -> LBXGLU | Z,G",LBXTR,Artery_Tortuosity_density,LBXGLU,RIDAGEYR|RIAGENDR|RIDRETH1|INDFMPIR|DMDEDUC3,GREF_AMR|GREF_EUR|GREF_SAS|GREF_entropy,WTMEC2YR,-2.6594637096558045,4.251772125239209,6.911235834895013,4.276518935568058,0.7300174025023082,6.327681349459612,4.285099124158408,0.7855557714455256,6.31798241697834,0.017305027330954445,-0.012462170453799066,0.053624202992199305,False,0.8,4055,10
RetiSEM_GAM,"LBXTR -> Artery_Distance_tortuosity -> LBXGLU | Z,G",LBXTR,Artery_Distance_tortuosity,LBXGLU,RIDAGEYR|RIAGENDR|RIDRETH1|INDFMPIR|DMDEDUC3,GREF_AMR|GREF_EUR|GREF_SAS|GREF_entropy,WTMEC2YR,-2.6594637096558045,4.251772125239209,6.911235834895013,4.276518935568058,0.7300174025023082,6.327681349459612,4.285099124158408,0.7855557714455256,6.31798241697834,-0.009848155616696205,-0.07993164629462318,0.03874092451773545,False,0.6,4055,10
RetiSEM_GAM,"LBXTR -> Vein_Tortuosity_density -> LBXGLU | Z,G",LBXTR,Vein_Tortuosity_density,LBXGLU,RIDAGEYR|RIAGENDR|RIDRETH1|INDFMPIR|DMDEDUC3,GREF_AMR|GREF_EUR|GREF_SAS|GREF_entropy,WTMEC2YR,-2.6594637096558045,4.251772125239209,6.911235834895013,4.276518935568058,0.7300174025023082,6.327681349459612,4.285099124158408,0.7855557714455256,6.31798241697834,-0.012870371738382336,-0.05863821255090924,0.024191757858254687,False,0.5,4055,10
RetiSEM_GAM,"LBXTR -> Vein_Distance_tortuosity -> LBXGLU | Z,G",LBXTR,Vein_Distance_tortuosity,LBXGLU,RIDAGEYR|RIAGENDR|RIDRETH1|INDFMPIR|DMDEDUC3,GREF_AMR|GREF_EUR|GREF_SAS|GREF_entropy,WTMEC2YR,-2.6594637096558045,4.251772125239209,6.911235834895013,4.276518935568058,0.7300174025023082,6.327681349459612,4.285099124158408,0.7855557714455256,6.31798241697834,-0.01779912008596652,-0.06009552665897126,0.028402848718840856,False,0.7,4055,10
RetiSEM_GAM,"LBXTR -> Artery_Vessel_density -> LBXGH | Z,G",LBXTR,Artery_Vessel_density,LBXGH,RIDAGEYR|RIAGENDR|RIDRETH1|INDFMPIR|DMDEDUC3,GREF_AMR|GREF_EUR|GREF_SAS|GREF_entropy,WTMEC2YR,-2.6594637096558045,4.251772125239209,6.911235834895013,3.5150893269494645,0.5957279497824971,5.508548687713664,3.586853625199867,0.6285413002532493,5.697409935824276,-0.0024752382348035952,-0.11154691704920952,0.11437544879697008,False,0.4,4055,10
RetiSEM_GAM,"LBXTR -> Artery_Fractal_dimension -> LBXGH | Z,G",LBXTR,Artery_Fractal_dimension,LBXGH,RIDAGEYR|RIAGENDR|RIDRETH1|INDFMPIR|DMDEDUC3,GREF_AMR|GREF_EUR|GREF_SAS|GREF_entropy,WTMEC2YR,-2.6594637096558045,4.251772125239209,6.911235834895013,3.5150893269494645,0.5957279497824971,5.508548687713664,3.586853625199867,0.6285413002532493,5.697409935824276,0.04527878322085928,-0.08341482575772588,0.23602164288831246,False,0.6,4055,10
RetiSEM_GAM,"LBXTR -> Artery_Average_width -> LBXGH | Z,G",LBXTR,Artery_Average_width,LBXGH,RIDAGEYR|RIAGENDR|RIDRETH1|INDFMPIR|DMDEDUC3,GREF_AMR|GREF_EUR|GREF_SAS|GREF_entropy,WTMEC2YR,-2.6594637096558045,4.251772125239209,6.911235834895013,3.5150893269494645,0.5957279497824971,5.508548687713664,3.586853625199867,0.6285413002532493,5.697409935824276,-0.06268046398038775,-0.11056486071569445,0.06655109872596321,False,0.9,4055,10
RetiSEM_GAM,"LBXTR -> Artery_Tortuosity_density -> LBXGH | Z,G",LBXTR,Artery_Tortuosity_density,LBXGH,RIDAGEYR|RIAGENDR|RIDRETH1|INDFMPIR|DMDEDUC3,GREF_AMR|GREF_EUR|GREF_SAS|GREF_entropy,WTMEC2YR,-2.6594637096558045,4.251772125239209,6.911235834895013,3.5150893269494645,0.5957279497824971,5.508548687713664,3.586853625199867,0.6285413002532493,5.697409935824276,-0.02411049181815298,-0.08875566170057318,0.01967860653840755,False,0.6,4055,10
RetiSEM_GAM,"LBXTR -> Artery_Distance_tortuosity -> LBXGH | Z,G",LBXTR,Artery_Distance_tortuosity,LBXGH,RIDAGEYR|RIAGENDR|RIDRETH1|INDFMPIR|DMDEDUC3,GREF_AMR|GREF_EUR|GREF_SAS|GREF_entropy,WTMEC2YR,-2.6594637096558045,4.251772125239209,6.911235834895013,3.5150893269494645,0.5957279497824971,5.508548687713664,3.586853625199867,0.6285413002532493,5.697409935824276,-0.014763065901428507,-0.08487909864057949,0.06610875997359456,False,0.8,4055,10
RetiSEM_GAM,"LBXTR -> Vein_Tortuosity_density -> LBXGH | Z,G",LBXTR,Vein_Tortuosity_density,LBXGH,RIDAGEYR|RIAGENDR|RIDRETH1|INDFMPIR|DMDEDUC3,GREF_AMR|GREF_EUR|GREF_SAS|GREF_entropy,WTMEC2YR,-2.6594637096558045,4.251772125239209,6.911235834895013,3.5150893269494645,0.5957279497824971,5.508548687713664,3.586853625199867,0.6285413002532493,5.697409935824276,-0.0033381375251588692,-0.048528740653081,0.023757825218694396,False,0.4,4055,10
RetiSEM_GAM,"LBXTR -> Vein_Distance_tortuosity -> LBXGH | Z,G",LBXTR,Vein_Distance_tortuosity,LBXGH,RIDAGEYR|RIAGENDR|RIDRETH1|INDFMPIR|DMDEDUC3,GREF_AMR|GREF_EUR|GREF_SAS|GREF_entropy,WTMEC2YR,-2.6594637096558045,4.251772125239209,6.911235834895013,3.5150893269494645,0.5957279497824971,5.508548687713664,3.586853625199867,0.6285413002532493,5.697409935824276,-0.02257031711694913,-0.07828614144029927,0.011646263841695864,False,0.9,4055,10
RetiSEM_GAM,"LBXTR -> Artery_Vessel_density -> LBXIN | Z,G",LBXTR,Artery_Vessel_density,LBXIN,RIDAGEYR|RIAGENDR|RIDRETH1|INDFMPIR|DMDEDUC3,GREF_AMR|GREF_EUR|GREF_SAS|GREF_entropy,WTMEC2YR,-2.6594637096558045,4.251772125239209,6.911235834895013,1.1885205639345802,0.6398920353185783,1.8305770691194645,1.1050105502406973,0.6313460278626455,1.8289042335863455,-0.07506159592638495,-0.24501451237009242,0.0825866011271019,False,0.8,4055,10
RetiSEM_GAM,"LBXTR -> Artery_Fractal_dimension -> LBXIN | Z,G",LBXTR,Artery_Fractal_dimension,LBXIN,RIDAGEYR|RIAGENDR|RIDRETH1|INDFMPIR|DMDEDUC3,GREF_AMR|GREF_EUR|GREF_SAS|GREF_entropy,WTMEC2YR,-2.6594637096558045,4.251772125239209,6.911235834895013,1.1885205639345802,0.6398920353185783,1.8305770691194645,1.1050105502406973,0.6313460278626455,1.8289042335863455,0.0853019918013086,-0.095209164929522,0.2781048677593222,False,0.7,4055,10
RetiSEM_GAM,"LBXTR -> Artery_Average_width -> LBXIN | Z,G",LBXTR,Artery_Average_width,LBXIN,RIDAGEYR|RIAGENDR|RIDRETH1|INDFMPIR|DMDEDUC3,GREF_AMR|GREF_EUR|GREF_SAS|GREF_entropy,WTMEC2YR,-2.6594637096558045,4.251772125239209,6.911235834895013,1.1885205639345802,0.6398920353185783,1.8305770691194645,1.1050105502406973,0.6313460278626455,1.8289042335863455,0.020341965660443505,-0.07028440461730347,0.12670665393174785,False,0.7,4055,10
RetiSEM_GAM,"LBXTR -> Artery_Tortuosity_density -> LBXIN | Z,G",LBXTR,Artery_Tortuosity_density,LBXIN,RIDAGEYR|RIAGENDR|RIDRETH1|INDFMPIR|DMDEDUC3,GREF_AMR|GREF_EUR|GREF_SAS|GREF_entropy,WTMEC2YR,-2.6594637096558045,4.251772125239209,6.911235834895013,1.1885205639345802,0.6398920353185783,1.8305770691194645,1.1050105502406973,0.6313460278626455,1.8289042335863455,0.007151144090337652,-0.02380917779199731,0.034113258874143466,False,0.6,4055,10
RetiSEM_GAM,"LBXTR -> Artery_Distance_tortuosity -> LBXIN | Z,G",LBXTR,Artery_Distance_tortuosity,LBXIN,RIDAGEYR|RIAGENDR|RIDRETH1|INDFMPIR|DMDEDUC3,GREF_AMR|GREF_EUR|GREF_SAS|GREF_entropy,WTMEC2YR,-2.6594637096558045,4.251772125239209,6.911235834895013,1.1885205639345802,0.6398920353185783,1.8305770691194645,1.1050105502406973,0.6313460278626455,1.8289042335863455,0.014486051111096307,-0.04700243378053491,0.10192220259360286,False,0.6,4055,10
RetiSEM_GAM,"LBXTR -> Vein_Tortuosity_density -> LBXIN | Z,G",LBXTR,Vein_Tortuosity_density,LBXIN,RIDAGEYR|RIAGENDR|RIDRETH1|INDFMPIR|DMDEDUC3,GREF_AMR|GREF_EUR|GREF_SAS|GREF_entropy,WTMEC2YR,-2.6594637096558045,4.251772125239209,6.911235834895013,1.1885205639345802,0.6398920353185783,1.8305770691194645,1.1050105502406973,0.6313460278626455,1.8289042335863455,0.012090014471349256,-0.047405030551307736,0.05692340916122922,False,0.6,4055,10
RetiSEM_GAM,"LBXTR -> Vein_Distance_tortuosity -> LBXIN | Z,G",LBXTR,Vein_Distance_tortuosity,LBXIN,RIDAGEYR|RIAGENDR|RIDRETH1|INDFMPIR|DMDEDUC3,GREF_AMR|GREF_EUR|GREF_SAS|GREF_entropy,WTMEC2YR,-2.6594637096558045,4.251772125239209,6.911235834895013,1.1885205639345802,0.6398920353185783,1.8305770691194645,1.1050105502406973,0.6313460278626455,1.8289042335863455,0.003135009994394563,-0.04667037589586493,0.052067066972938905,False,0.6,4055,10
RetiSEM_GAM,"LBXTR -> Artery_Vessel_density -> LBXCRP | Z,G",LBXTR,Artery_Vessel_density,LBXCRP,RIDAGEYR|RIAGENDR|RIDRETH1|INDFMPIR|DMDEDUC3,GREF_AMR|GREF_EUR|GREF_SAS|GREF_entropy,WTMEC2YR,-2.6594637096558045,4.251772125239209,6.911235834895013,2.3716846330555073,1.733555835563008,3.509150853688315,2.41810950524578,1.780484777987059,3.5048951542242697,0.042932434489575136,-0.11777858563943606,0.17602706075285054,False,0.8,4055,10
RetiSEM_GAM,"LBXTR -> Artery_Fractal_dimension -> LBXCRP | Z,G",LBXTR,Artery_Fractal_dimension,LBXCRP,RIDAGEYR|RIAGENDR|RIDRETH1|INDFMPIR|DMDEDUC3,GREF_AMR|GREF_EUR|GREF_SAS|GREF_entropy,WTMEC2YR,-2.6594637096558045,4.251772125239209,6.911235834895013,2.3716846330555073,1.733555835563008,3.509150853688315,2.41810950524578,1.780484777987059,3.5048951542242697,-0.0009999954560932097,-0.10080831378233324,0.12001116654540048,False,0.5,4055,10
RetiSEM_GAM,"LBXTR -> Artery_Average_width -> LBXCRP | Z,G",LBXTR,Artery_Average_width,LBXCRP,RIDAGEYR|RIAGENDR|RIDRETH1|INDFMPIR|DMDEDUC3,GREF_AMR|GREF_EUR|GREF_SAS|GREF_entropy,WTMEC2YR,-2.6594637096558045,4.251772125239209,6.911235834895013,2.3716846330555073,1.733555835563008,3.509150853688315,2.41810950524578,1.780484777987059,3.5048951542242697,-0.017797932519650804,-0.10297425574738506,0.04725592600510107,False,0.6,4055,10
RetiSEM_GAM,"LBXTR -> Artery_Tortuosity_density -> LBXCRP | Z,G",LBXTR,Artery_Tortuosity_density,LBXCRP,RIDAGEYR|RIAGENDR|RIDRETH1|INDFMPIR|DMDEDUC3,GREF_AMR|GREF_EUR|GREF_SAS|GREF_entropy,WTMEC2YR,-2.6594637096558045,4.251772125239209,6.911235834895013,2.3716846330555073,1.733555835563008,3.509150853688315,2.41810950524578,1.780484777987059,3.5048951542242697,0.003227406040939787,-0.05921270193451727,0.0522819610277234,False,0.5,4055,10
RetiSEM_GAM,"LBXTR -> Artery_Distance_tortuosity -> LBXCRP | Z,G",LBXTR,Artery_Distance_tortuosity,LBXCRP,RIDAGEYR|RIAGENDR|RIDRETH1|INDFMPIR|DMDEDUC3,GREF_AMR|GREF_EUR|GREF_SAS|GREF_entropy,WTMEC2YR,-2.6594637096558045,4.251772125239209,6.911235834895013,2.3716846330555073,1.733555835563008,3.509150853688315,2.41810950524578,1.780484777987059,3.5048951542242697,-0.02220719419550228,-0.07781633219913615,0.035166810696067086,False,0.8,4055,10
RetiSEM_GAM,"LBXTR -> Vein_Tortuosity_density -> LBXCRP | Z,G",LBXTR,Vein_Tortuosity_density,LBXCRP,RIDAGEYR|RIAGENDR|RIDRETH1|INDFMPIR|DMDEDUC3,GREF_AMR|GREF_EUR|GREF_SAS|GREF_entropy,WTMEC2YR,-2.6594637096558045,4.251772125239209,6.911235834895013,2.3716846330555073,1.733555835563008,3.509150853688315,2.41810950524578,1.780484777987059,3.5048951542242697,-0.004205811807743514,-0.03133914510462218,0.013539773311262172,False,0.4,4055,10
RetiSEM_GAM,"LBXTR -> Vein_Distance_tortuosity -> LBXCRP | Z,G",LBXTR,Vein_Distance_tortuosity,LBXCRP,RIDAGEYR|RIAGENDR|RIDRETH1|INDFMPIR|DMDEDUC3,GREF_AMR|GREF_EUR|GREF_SAS|GREF_entropy,WTMEC2YR,-2.6594637096558045,4.251772125239209,6.911235834895013,2.3716846330555073,1.733555835563008,3.509150853688315,2.41810950524578,1.780484777987059,3.5048951542242697,0.00679772578511467,-0.053647905322092314,0.07834737259897158,False,0.4,4055,10
RetiSEM_GAM,"LBXTR -> Artery_Vessel_density -> LBXSCR | Z,G",LBXTR,Artery_Vessel_density,LBXSCR,RIDAGEYR|RIAGENDR|RIDRETH1|INDFMPIR|DMDEDUC3,GREF_AMR|GREF_EUR|GREF_SAS|GREF_entropy,WTMEC2YR,-2.6594637096558045,4.251772125239209,6.911235834895013,-0.25237872400771977,-0.8365194417985736,0.5995292858671749,-0.19944987318423538,-0.7850730271082562,0.5577252927817529,0.01030548826247976,-0.0919862985084382,0.06847980117944061,False,0.7,4055,10
RetiSEM_GAM,"LBXTR -> Artery_Fractal_dimension -> LBXSCR | Z,G",LBXTR,Artery_Fractal_dimension,LBXSCR,RIDAGEYR|RIAGENDR|RIDRETH1|INDFMPIR|DMDEDUC3,GREF_AMR|GREF_EUR|GREF_SAS|GREF_entropy,WTMEC2YR,-2.6594637096558045,4.251772125239209,6.911235834895013,-0.25237872400771977,-0.8365194417985736,0.5995292858671749,-0.19944987318423538,-0.7850730271082562,0.5577252927817529,-0.013435196201048879,-0.08202392786899969,0.05006630360246266,False,0.8,4055,10
RetiSEM_GAM,"LBXTR -> Artery_Average_width -> LBXSCR | Z,G",LBXTR,Artery_Average_width,LBXSCR,RIDAGEYR|RIAGENDR|RIDRETH1|INDFMPIR|DMDEDUC3,GREF_AMR|GREF_EUR|GREF_SAS|GREF_entropy,WTMEC2YR,-2.6594637096558045,4.251772125239209,6.911235834895013,-0.25237872400771977,-0.8365194417985736,0.5995292858671749,-0.19944987318423538,-0.7850730271082562,0.5577252927817529,0.017515405583237553,-0.1124117224145661,0.07497433774598235,False,0.8,4055,10
RetiSEM_GAM,"LBXTR -> Artery_Tortuosity_density -> LBXSCR | Z,G",LBXTR,Artery_Tortuosity_density,LBXSCR,RIDAGEYR|RIAGENDR|RIDRETH1|INDFMPIR|DMDEDUC3,GREF_AMR|GREF_EUR|GREF_SAS|GREF_entropy,WTMEC2YR,-2.6594637096558045,4.251772125239209,6.911235834895013,-0.25237872400771977,-0.8365194417985736,0.5995292858671749,-0.19944987318423538,-0.7850730271082562,0.5577252927817529,-0.0034871850587306396,-0.08879725756701916,0.08085643031900996,False,0.6,4055,10
RetiSEM_GAM,"LBXTR -> Artery_Distance_tortuosity -> LBXSCR | Z,G",LBXTR,Artery_Distance_tortuosity,LBXSCR,RIDAGEYR|RIAGENDR|RIDRETH1|INDFMPIR|DMDEDUC3,GREF_AMR|GREF_EUR|GREF_SAS|GREF_entropy,WTMEC2YR,-2.6594637096558045,4.251772125239209,6.911235834895013,-0.25237872400771977,-0.8365194417985736,0.5995292858671749,-0.19944987318423538,-0.7850730271082562,0.5577252927817529,-0.0018886216178047748,-0.05236456296848307,0.0457722272589583,False,0.6,4055,10
RetiSEM_GAM,"LBXTR -> Vein_Tortuosity_density -> LBXSCR | Z,G",LBXTR,Vein_Tortuosity_density,LBXSCR,RIDAGEYR|RIAGENDR|RIDRETH1|INDFMPIR|DMDEDUC3,GREF_AMR|GREF_EUR|GREF_SAS|GREF_entropy,WTMEC2YR,-2.6594637096558045,4.251772125239209,6.911235834895013,-0.25237872400771977,-0.8365194417985736,0.5995292858671749,-0.19944987318423538,-0.7850730271082562,0.5577252927817529,0.00013305247616134455,-0.0880553120026566,0.08037396464685967,False,0.5,4055,10
RetiSEM_GAM,"LBXTR -> Vein_Distance_tortuosity -> LBXSCR | Z,G",LBXTR,Vein_Distance_tortuosity,LBXSCR,RIDAGEYR|RIAGENDR|RIDRETH1|INDFMPIR|DMDEDUC3,GREF_AMR|GREF_EUR|GREF_SAS|GREF_entropy,WTMEC2YR,-2.6594637096558045,4.251772125239209,6.911235834895013,-0.25237872400771977,-0.8365194417985736,0.5995292858671749,-0.19944987318423538,-0.7850730271082562,0.5577252927817529,0.0040430544799204575,-0.04650236838690423,0.055879053177108055,False,0.4,4055,10
RetiSEM_GAM,"LBXTR -> Artery_Vessel_density -> URXUMA | Z,G",LBXTR,Artery_Vessel_density,URXUMA,RIDAGEYR|RIAGENDR|RIDRETH1|INDFMPIR|DMDEDUC3,GREF_AMR|GREF_EUR|GREF_SAS|GREF_entropy,WTMEC2YR,-2.6594637096558045,4.251772125239209,6.911235834895013,1.2621900444723482,0.46118864983727714,2.3219925707783116,1.193144565911537,0.34369388250351546,2.2969304618957116,-0.0851181369000159,-0.36312030175421606,0.13218759520808168,False,0.8,4055,10
RetiSEM_GAM,"LBXTR -> Artery_Fractal_dimension -> URXUMA | Z,G",LBXTR,Artery_Fractal_dimension,URXUMA,RIDAGEYR|RIAGENDR|RIDRETH1|INDFMPIR|DMDEDUC3,GREF_AMR|GREF_EUR|GREF_SAS|GREF_entropy,WTMEC2YR,-2.6594637096558045,4.251772125239209,6.911235834895013,1.2621900444723482,0.46118864983727714,2.3219925707783116,1.193144565911537,0.34369388250351546,2.2969304618957116,0.05008863926094188,-0.15199270475641408,0.1960595285790305,False,0.6,4055,10
RetiSEM_GAM,"LBXTR -> Artery_Average_width -> URXUMA | Z,G",LBXTR,Artery_Average_width,URXUMA,RIDAGEYR|RIAGENDR|RIDRETH1|INDFMPIR|DMDEDUC3,GREF_AMR|GREF_EUR|GREF_SAS|GREF_entropy,WTMEC2YR,-2.6594637096558045,4.251772125239209,6.911235834895013,1.2621900444723482,0.46118864983727714,2.3219925707783116,1.193144565911537,0.34369388250351546,2.2969304618957116,0.03796686666537862,-0.14550177534129394,0.18033968803337905,False,0.6,4055,10
RetiSEM_GAM,"LBXTR -> Artery_Tortuosity_density -> URXUMA | Z,G",LBXTR,Artery_Tortuosity_density,URXUMA,RIDAGEYR|RIAGENDR|RIDRETH1|INDFMPIR|DMDEDUC3,GREF_AMR|GREF_EUR|GREF_SAS|GREF_entropy,WTMEC2YR,-2.6594637096558045,4.251772125239209,6.911235834895013,1.2621900444723482,0.46118864983727714,2.3219925707783116,1.193144565911537,0.34369388250351546,2.2969304618957116,-0.05837080118282114,-0.12291731316632531,-0.008180515721185192,True,1.0,4055,10
RetiSEM_GAM,"LBXTR -> Artery_Distance_tortuosity -> URXUMA | Z,G",LBXTR,Artery_Distance_tortuosity,URXUMA,RIDAGEYR|RIAGENDR|RIDRETH1|INDFMPIR|DMDEDUC3,GREF_AMR|GREF_EUR|GREF_SAS|GREF_entropy,WTMEC2YR,-2.6594637096558045,4.251772125239209,6.911235834895013,1.2621900444723482,0.46118864983727714,2.3219925707783116,1.193144565911537,0.34369388250351546,2.2969304618957116,-0.00575585428240748,-0.05106834707525933,0.036544069184050766,False,0.6,4055,10
RetiSEM_GAM,"LBXTR -> Vein_Tortuosity_density -> URXUMA | Z,G",LBXTR,Vein_Tortuosity_density,URXUMA,RIDAGEYR|RIAGENDR|RIDRETH1|INDFMPIR|DMDEDUC3,GREF_AMR|GREF_EUR|GREF_SAS|GREF_entropy,WTMEC2YR,-2.6594637096558045,4.251772125239209,6.911235834895013,1.2621900444723482,0.46118864983727714,2.3219925707783116,1.193144565911537,0.34369388250351546,2.2969304618957116,-0.028291032778174113,-0.08854323884382044,0.010706348413819317,False,0.7,4055,10
RetiSEM_GAM,"LBXTR -> Vein_Distance_tortuosity -> URXUMA | Z,G",LBXTR,Vein_Distance_tortuosity,URXUMA,RIDAGEYR|RIAGENDR|RIDRETH1|INDFMPIR|DMDEDUC3,GREF_AMR|GREF_EUR|GREF_SAS|GREF_entropy,WTMEC2YR,-2.6594637096558045,4.251772125239209,6.911235834895013,1.2621900444723482,0.46118864983727714,2.3219925707783116,1.193144565911537,0.34369388250351546,2.2969304618957116,0.014879302449054038,-0.04441322737235606,0.07633176708636333,False,0.6,4055,10
RetiSEM_GAM,"LBXTR -> Artery_Vessel_density -> URXUCR | Z,G",LBXTR,Artery_Vessel_density,URXUCR,RIDAGEYR|RIAGENDR|RIDRETH1|INDFMPIR|DMDEDUC3,GREF_AMR|GREF_EUR|GREF_SAS|GREF_entropy,WTMEC2YR,-2.6594637096558045,4.251772125239209,6.911235834895013,1.8835061067565697,1.306582955970102,2.6211990858292014,2.0257659392606007,1.51982858579274,2.826578087123347,-0.00978687967282139,-0.19202394665399677,0.18569845848994798,False,0.5,4055,10
RetiSEM_GAM,"LBXTR -> Artery_Fractal_dimension -> URXUCR | Z,G",LBXTR,Artery_Fractal_dimension,URXUCR,RIDAGEYR|RIAGENDR|RIDRETH1|INDFMPIR|DMDEDUC3,GREF_AMR|GREF_EUR|GREF_SAS|GREF_entropy,WTMEC2YR,-2.6594637096558045,4.251772125239209,6.911235834895013,1.8835061067565697,1.306582955970102,2.6211990858292014,2.0257659392606007,1.51982858579274,2.826578087123347,-0.005662226064559833,-0.13771405830247016,0.08501653230143977,False,0.3,4055,10
RetiSEM_GAM,"LBXTR -> Artery_Average_width -> URXUCR | Z,G",LBXTR,Artery_Average_width,URXUCR,RIDAGEYR|RIAGENDR|RIDRETH1|INDFMPIR|DMDEDUC3,GREF_AMR|GREF_EUR|GREF_SAS|GREF_entropy,WTMEC2YR,-2.6594637096558045,4.251772125239209,6.911235834895013,1.8835061067565697,1.306582955970102,2.6211990858292014,2.0257659392606007,1.51982858579274,2.826578087123347,-0.026732388805025244,-0.14986149940994895,0.09523689028953995,False,0.7,4055,10
RetiSEM_GAM,"LBXTR -> Artery_Tortuosity_density -> URXUCR | Z,G",LBXTR,Artery_Tortuosity_density,URXUCR,RIDAGEYR|RIAGENDR|RIDRETH1|INDFMPIR|DMDEDUC3,GREF_AMR|GREF_EUR|GREF_SAS|GREF_entropy,WTMEC2YR,-2.6594637096558045,4.251772125239209,6.911235834895013,1.8835061067565697,1.306582955970102,2.6211990858292014,2.0257659392606007,1.51982858579274,2.826578087123347,-0.05362926394534299,-0.1024423528189902,0.0012785103000443384,False,0.9,4055,10
RetiSEM_GAM,"LBXTR -> Artery_Distance_tortuosity -> URXUCR | Z,G",LBXTR,Artery_Distance_tortuosity,URXUCR,RIDAGEYR|RIAGENDR|RIDRETH1|INDFMPIR|DMDEDUC3,GREF_AMR|GREF_EUR|GREF_SAS|GREF_entropy,WTMEC2YR,-2.6594637096558045,4.251772125239209,6.911235834895013,1.8835061067565697,1.306582955970102,2.6211990858292014,2.0257659392606007,1.51982858579274,2.826578087123347,-0.008972820794742513,-0.0945632672372945,0.06351374101987212,False,0.6,4055,10
RetiSEM_GAM,"LBXTR -> Vein_Tortuosity_density -> URXUCR | Z,G",LBXTR,Vein_Tortuosity_density,URXUCR,RIDAGEYR|RIAGENDR|RIDRETH1|INDFMPIR|DMDEDUC3,GREF_AMR|GREF_EUR|GREF_SAS|GREF_entropy,WTMEC2YR,-2.6594637096558045,4.251772125239209,6.911235834895013,1.8835061067565697,1.306582955970102,2.6211990858292014,2.0257659392606007,1.51982858579274,2.826578087123347,-0.023855598937060053,-0.14617453172130537,0.03206275831622408,False,0.5,4055,10
RetiSEM_GAM,"LBXTR -> Vein_Distance_tortuosity -> URXUCR | Z,G",LBXTR,Vein_Distance_tortuosity,URXUCR,RIDAGEYR|RIAGENDR|RIDRETH1|INDFMPIR|DMDEDUC3,GREF_AMR|GREF_EUR|GREF_SAS|GREF_entropy,WTMEC2YR,-2.6594637096558045,4.251772125239209,6.911235834895013,1.8835061067565697,1.306582955970102,2.6211990858292014,2.0257659392606007,1.51982858579274,2.826578087123347,-0.008582924700792176,-0.08803430612851179,0.04325704392240582,False,0.5,4055,10
RetiSEM_GAM,"LBXAPB -> Artery_Vessel_density -> BPXSY2 | Z,G",LBXAPB,Artery_Vessel_density,BPXSY2,RIDAGEYR|RIAGENDR|RIDRETH1|INDFMPIR|DMDEDUC3,GREF_AMR|GREF_EUR|GREF_SAS|GREF_entropy,WTMEC2YR,-4.270174721012839,2.9876069794268885,7.257781700439727,1.5482693223437267,0.6584455904031699,2.881607859885442,1.7063554750652035,0.8085007174112903,2.950596259002369,-0.1598660687882833,-0.5403029573966959,0.12809700284923511,False,0.7,4055,10
RetiSEM_GAM,"LBXAPB -> Artery_Fractal_dimension -> BPXSY2 | Z,G",LBXAPB,Artery_Fractal_dimension,BPXSY2,RIDAGEYR|RIAGENDR|RIDRETH1|INDFMPIR|DMDEDUC3,GREF_AMR|GREF_EUR|GREF_SAS|GREF_entropy,WTMEC2YR,-4.270174721012839,2.9876069794268885,7.257781700439727,1.5482693223437267,0.6584455904031699,2.881607859885442,1.7063554750652035,0.8085007174112903,2.950596259002369,0.07049497641636926,-0.19755750978488873,0.4352543499605927,False,0.5,4055,10
RetiSEM_GAM,"LBXAPB -> Artery_Average_width -> BPXSY2 | Z,G",LBXAPB,Artery_Average_width,BPXSY2,RIDAGEYR|RIAGENDR|RIDRETH1|INDFMPIR|DMDEDUC3,GREF_AMR|GREF_EUR|GREF_SAS|GREF_entropy,WTMEC2YR,-4.270174721012839,2.9876069794268885,7.257781700439727,1.5482693223437267,0.6584455904031699,2.881607859885442,1.7063554750652035,0.8085007174112903,2.950596259002369,-0.04121738657647894,-0.16704488222861794,0.0644607043066576,False,0.6,4055,10
RetiSEM_GAM,"LBXAPB -> Artery_Tortuosity_density -> BPXSY2 | Z,G",LBXAPB,Artery_Tortuosity_density,BPXSY2,RIDAGEYR|RIAGENDR|RIDRETH1|INDFMPIR|DMDEDUC3,GREF_AMR|GREF_EUR|GREF_SAS|GREF_entropy,WTMEC2YR,-4.270174721012839,2.9876069794268885,7.257781700439727,1.5482693223437267,0.6584455904031699,2.881607859885442,1.7063554750652035,0.8085007174112903,2.950596259002369,-0.022506999490907807,-0.2414034691156522,0.1830586841960301,False,0.6,4055,10
RetiSEM_GAM,"LBXAPB -> Artery_Distance_tortuosity -> BPXSY2 | Z,G",LBXAPB,Artery_Distance_tortuosity,BPXSY2,RIDAGEYR|RIAGENDR|RIDRETH1|INDFMPIR|DMDEDUC3,GREF_AMR|GREF_EUR|GREF_SAS|GREF_entropy,WTMEC2YR,-4.270174721012839,2.9876069794268885,7.257781700439727,1.5482693223437267,0.6584455904031699,2.881607859885442,1.7063554750652035,0.8085007174112903,2.950596259002369,-0.03685872116831378,-0.2748036313248839,0.11617243358187092,False,0.6,4055,10
RetiSEM_GAM,"LBXAPB -> Vein_Tortuosity_density -> BPXSY2 | Z,G",LBXAPB,Vein_Tortuosity_density,BPXSY2,RIDAGEYR|RIAGENDR|RIDRETH1|INDFMPIR|DMDEDUC3,GREF_AMR|GREF_EUR|GREF_SAS|GREF_entropy,WTMEC2YR,-4.270174721012839,2.9876069794268885,7.257781700439727,1.5482693223437267,0.6584455904031699,2.881607859885442,1.7063554750652035,0.8085007174112903,2.950596259002369,0.031599370085204845,-0.007636484038449174,0.12572749979469633,False,0.9,4055,10
RetiSEM_GAM,"LBXAPB -> Vein_Distance_tortuosity -> BPXSY2 | Z,G",LBXAPB,Vein_Distance_tortuosity,BPXSY2,RIDAGEYR|RIAGENDR|RIDRETH1|INDFMPIR|DMDEDUC3,GREF_AMR|GREF_EUR|GREF_SAS|GREF_entropy,WTMEC2YR,-4.270174721012839,2.9876069794268885,7.257781700439727,1.5482693223437267,0.6584455904031699,2.881607859885442,1.7063554750652035,0.8085007174112903,2.950596259002369,-0.041571726788394846,-0.16340865233334376,0.06050916975251176,False,0.8,4055,10
RetiSEM_GAM,"LBXAPB -> Artery_Vessel_density -> BPXDI2 | Z,G",LBXAPB,Artery_Vessel_density,BPXDI2,RIDAGEYR|RIAGENDR|RIDRETH1|INDFMPIR|DMDEDUC3,GREF_AMR|GREF_EUR|GREF_SAS|GREF_entropy,WTMEC2YR,-4.270174721012839,2.9876069794268885,7.257781700439727,0.7770895676917495,-0.05219164854653488,1.3564319636587185,0.792373688873488,-0.007553590001619592,1.2714828286652957,-0.147019426804111,-0.42390907582464854,0.11831561604424934,False,0.7,4055,10
RetiSEM_GAM,"LBXAPB -> Artery_Fractal_dimension -> BPXDI2 | Z,G",LBXAPB,Artery_Fractal_dimension,BPXDI2,RIDAGEYR|RIAGENDR|RIDRETH1|INDFMPIR|DMDEDUC3,GREF_AMR|GREF_EUR|GREF_SAS|GREF_entropy,WTMEC2YR,-4.270174721012839,2.9876069794268885,7.257781700439727,0.7770895676917495,-0.05219164854653488,1.3564319636587185,0.792373688873488,-0.007553590001619592,1.2714828286652957,0.0869976832411554,-0.06108031631390052,0.3734172468105815,False,0.5,4055,10
RetiSEM_GAM,"LBXAPB -> Artery_Average_width -> BPXDI2 | Z,G",LBXAPB,Artery_Average_width,BPXDI2,RIDAGEYR|RIAGENDR|RIDRETH1|INDFMPIR|DMDEDUC3,GREF_AMR|GREF_EUR|GREF_SAS|GREF_entropy,WTMEC2YR,-4.270174721012839,2.9876069794268885,7.257781700439727,0.7770895676917495,-0.05219164854653488,1.3564319636587185,0.792373688873488,-0.007553590001619592,1.2714828286652957,-0.0016677844929213824,-0.058143224429847686,0.046226807814130674,False,0.5,4055,10
RetiSEM_GAM,"LBXAPB -> Artery_Tortuosity_density -> BPXDI2 | Z,G",LBXAPB,Artery_Tortuosity_density,BPXDI2,RIDAGEYR|RIAGENDR|RIDRETH1|INDFMPIR|DMDEDUC3,GREF_AMR|GREF_EUR|GREF_SAS|GREF_entropy,WTMEC2YR,-4.270174721012839,2.9876069794268885,7.257781700439727,0.7770895676917495,-0.05219164854653488,1.3564319636587185,0.792373688873488,-0.007553590001619592,1.2714828286652957,-0.11054505261763048,-0.4977343729540174,0.06257403088978258,False,0.6,4055,10
RetiSEM_GAM,"LBXAPB -> Artery_Distance_tortuosity -> BPXDI2 | Z,G",LBXAPB,Artery_Distance_tortuosity,BPXDI2,RIDAGEYR|RIAGENDR|RIDRETH1|INDFMPIR|DMDEDUC3,GREF_AMR|GREF_EUR|GREF_SAS|GREF_entropy,WTMEC2YR,-4.270174721012839,2.9876069794268885,7.257781700439727,0.7770895676917495,-0.05219164854653488,1.3564319636587185,0.792373688873488,-0.007553590001619592,1.2714828286652957,-0.004079857104042238,-0.04706881697521371,0.05142981437360486,False,0.6,4055,10
RetiSEM_GAM,"LBXAPB -> Vein_Tortuosity_density -> BPXDI2 | Z,G",LBXAPB,Vein_Tortuosity_density,BPXDI2,RIDAGEYR|RIAGENDR|RIDRETH1|INDFMPIR|DMDEDUC3,GREF_AMR|GREF_EUR|GREF_SAS|GREF_entropy,WTMEC2YR,-4.270174721012839,2.9876069794268885,7.257781700439727,0.7770895676917495,-0.05219164854653488,1.3564319636587185,0.792373688873488,-0.007553590001619592,1.2714828286652957,0.01604848168098717,-0.0301375679432311,0.09083384436744543,False,0.6,4055,10
RetiSEM_GAM,"LBXAPB -> Vein_Distance_tortuosity -> BPXDI2 | Z,G",LBXAPB,Vein_Distance_tortuosity,BPXDI2,RIDAGEYR|RIAGENDR|RIDRETH1|INDFMPIR|DMDEDUC3,GREF_AMR|GREF_EUR|GREF_SAS|GREF_entropy,WTMEC2YR,-4.270174721012839,2.9876069794268885,7.257781700439727,0.7770895676917495,-0.05219164854653488,1.3564319636587185,0.792373688873488,-0.007553590001619592,1.2714828286652957,-0.03173641062386867,-0.12074108255345806,0.01360211625341565,False,0.9,4055,10
RetiSEM_GAM,"LBXAPB -> Artery_Vessel_density -> BPXSY4 | Z,G",LBXAPB,Artery_Vessel_density,BPXSY4,RIDAGEYR|RIAGENDR|RIDRETH1|INDFMPIR|DMDEDUC3,GREF_AMR|GREF_EUR|GREF_SAS|GREF_entropy,WTMEC2YR,-4.270174721012839,2.9876069794268885,7.257781700439727,-0.14085844910380438,-0.3874654476878795,0.1378432876031793,-0.23196557746155783,-0.4177728734995642,0.052815526192630954,0.13437628853018302,0.005531335284906981,0.279118312885077,True,1.0,4055,10
RetiSEM_GAM,"LBXAPB -> Artery_Fractal_dimension -> BPXSY4 | Z,G",LBXAPB,Artery_Fractal_dimension,BPXSY4,RIDAGEYR|RIAGENDR|RIDRETH1|INDFMPIR|DMDEDUC3,GREF_AMR|GREF_EUR|GREF_SAS|GREF_entropy,WTMEC2YR,-4.270174721012839,2.9876069794268885,7.257781700439727,-0.14085844910380438,-0.3874654476878795,0.1378432876031793,-0.23196557746155783,-0.4177728734995642,0.052815526192630954,-0.11466158541684815,-0.25661597460840657,0.029115108498136387,False,0.9,4055,10
RetiSEM_GAM,"LBXAPB -> Artery_Average_width -> BPXSY4 | Z,G",LBXAPB,Artery_Average_width,BPXSY4,RIDAGEYR|RIAGENDR|RIDRETH1|INDFMPIR|DMDEDUC3,GREF_AMR|GREF_EUR|GREF_SAS|GREF_entropy,WTMEC2YR,-4.270174721012839,2.9876069794268885,7.257781700439727,-0.14085844910380438,-0.3874654476878795,0.1378432876031793,-0.23196557746155783,-0.4177728734995642,0.052815526192630954,0.0026479557942665744,-0.031104686659154834,0.04039081658398624,False,0.7,4055,10
RetiSEM_GAM,"LBXAPB -> Artery_Tortuosity_density -> BPXSY4 | Z,G",LBXAPB,Artery_Tortuosity_density,BPXSY4,RIDAGEYR|RIAGENDR|RIDRETH1|INDFMPIR|DMDEDUC3,GREF_AMR|GREF_EUR|GREF_SAS|GREF_entropy,WTMEC2YR,-4.270174721012839,2.9876069794268885,7.257781700439727,-0.14085844910380438,-0.3874654476878795,0.1378432876031793,-0.23196557746155783,-0.4177728734995642,0.052815526192630954,0.03250358272606863,-0.0230450136320563,0.13967822169228838,False,0.8,4055,10
RetiSEM_GAM,"LBXAPB -> Artery_Distance_tortuosity -> BPXSY4 | Z,G",LBXAPB,Artery_Distance_tortuosity,BPXSY4,RIDAGEYR|RIAGENDR|RIDRETH1|INDFMPIR|DMDEDUC3,GREF_AMR|GREF_EUR|GREF_SAS|GREF_entropy,WTMEC2YR,-4.270174721012839,2.9876069794268885,7.257781700439727,-0.14085844910380438,-0.3874654476878795,0.1378432876031793,-0.23196557746155783,-0.4177728734995642,0.052815526192630954,0.01553281934766263,-0.020563314816907423,0.057354123849935976,False,0.6,4055,10
RetiSEM_GAM,"LBXAPB -> Vein_Tortuosity_density -> BPXSY4 | Z,G",LBXAPB,Vein_Tortuosity_density,BPXSY4,RIDAGEYR|RIAGENDR|RIDRETH1|INDFMPIR|DMDEDUC3,GREF_AMR|GREF_EUR|GREF_SAS|GREF_entropy,WTMEC2YR,-4.270174721012839,2.9876069794268885,7.257781700439727,-0.14085844910380438,-0.3874654476878795,0.1378432876031793,-0.23196557746155783,-0.4177728734995642,0.052815526192630954,-0.0182781104203144,-0.06468194384866187,0.016721353616829627,False,0.6,4055,10
RetiSEM_GAM,"LBXAPB -> Vein_Distance_tortuosity -> BPXSY4 | Z,G",LBXAPB,Vein_Distance_tortuosity,BPXSY4,RIDAGEYR|RIAGENDR|RIDRETH1|INDFMPIR|DMDEDUC3,GREF_AMR|GREF_EUR|GREF_SAS|GREF_entropy,WTMEC2YR,-4.270174721012839,2.9876069794268885,7.257781700439727,-0.14085844910380438,-0.3874654476878795,0.1378432876031793,-0.23196557746155783,-0.4177728734995642,0.052815526192630954,-0.019698212133301425,-0.06622085937205889,0.013744973223398831,False,0.7,4055,10
RetiSEM_GAM,"LBXAPB -> Artery_Vessel_density -> BPXDI4 | Z,G",LBXAPB,Artery_Vessel_density,BPXDI4,RIDAGEYR|RIAGENDR|RIDRETH1|INDFMPIR|DMDEDUC3,GREF_AMR|GREF_EUR|GREF_SAS|GREF_entropy,WTMEC2YR,-4.270174721012839,2.9876069794268885,7.257781700439727,-0.062242943128138196,-0.13003202809188472,0.035175366057736086,-0.10121635642720073,-0.15968384839664912,-0.01582612313535096,0.00836260240788241,-0.023607067394819627,0.04955830507512682,False,0.7,4055,10
RetiSEM_GAM,"LBXAPB -> Artery_Fractal_dimension -> BPXDI4 | Z,G",LBXAPB,Artery_Fractal_dimension,BPXDI4,RIDAGEYR|RIAGENDR|RIDRETH1|INDFMPIR|DMDEDUC3,GREF_AMR|GREF_EUR|GREF_SAS|GREF_entropy,WTMEC2YR,-4.270174721012839,2.9876069794268885,7.257781700439727,-0.062242943128138196,-0.13003202809188472,0.035175366057736086,-0.10121635642720073,-0.15968384839664912,-0.01582612313535096,-0.006705770499942162,-0.06411935185371508,0.01987351585545332,False,0.4,4055,10
RetiSEM_GAM,"LBXAPB -> Artery_Average_width -> BPXDI4 | Z,G",LBXAPB,Artery_Average_width,BPXDI4,RIDAGEYR|RIAGENDR|RIDRETH1|INDFMPIR|DMDEDUC3,GREF_AMR|GREF_EUR|GREF_SAS|GREF_entropy,WTMEC2YR,-4.270174721012839,2.9876069794268885,7.257781700439727,-0.062242943128138196,-0.13003202809188472,0.035175366057736086,-0.10121635642720073,-0.15968384839664912,-0.01582612313535096,0.00040361150623406005,-0.01590835820373647,0.009346261004443785,False,0.6,4055,10
RetiSEM_GAM,"LBXAPB -> Artery_Tortuosity_density -> BPXDI4 | Z,G",LBXAPB,Artery_Tortuosity_density,BPXDI4,RIDAGEYR|RIAGENDR|RIDRETH1|INDFMPIR|DMDEDUC3,GREF_AMR|GREF_EUR|GREF_SAS|GREF_entropy,WTMEC2YR,-4.270174721012839,2.9876069794268885,7.257781700439727,-0.062242943128138196,-0.13003202809188472,0.035175366057736086,-0.10121635642720073,-0.15968384839664912,-0.01582612313535096,-0.016849856650122935,-0.06450873778738997,0.0036230037515105427,False,0.7,4055,10
RetiSEM_GAM,"LBXAPB -> Artery_Distance_tortuosity -> BPXDI4 | Z,G",LBXAPB,Artery_Distance_tortuosity,BPXDI4,RIDAGEYR|RIAGENDR|RIDRETH1|INDFMPIR|DMDEDUC3,GREF_AMR|GREF_EUR|GREF_SAS|GREF_entropy,WTMEC2YR,-4.270174721012839,2.9876069794268885,7.257781700439727,-0.062242943128138196,-0.13003202809188472,0.035175366057736086,-0.10121635642720073,-0.15968384839664912,-0.01582612313535096,-0.009819007977837566,-0.02698087712058891,0.002943740572031689,False,0.7,4055,10
RetiSEM_GAM,"LBXAPB -> Vein_Tortuosity_density -> BPXDI4 | Z,G",LBXAPB,Vein_Tortuosity_density,BPXDI4,RIDAGEYR|RIAGENDR|RIDRETH1|INDFMPIR|DMDEDUC3,GREF_AMR|GREF_EUR|GREF_SAS|GREF_entropy,WTMEC2YR,-4.270174721012839,2.9876069794268885,7.257781700439727,-0.062242943128138196,-0.13003202809188472,0.035175366057736086,-0.10121635642720073,-0.15968384839664912,-0.01582612313535096,-0.005908458626186181,-0.03073831776891978,0.009553731844551936,False,0.7,4055,10
RetiSEM_GAM,"LBXAPB -> Vein_Distance_tortuosity -> BPXDI4 | Z,G",LBXAPB,Vein_Distance_tortuosity,BPXDI4,RIDAGEYR|RIAGENDR|RIDRETH1|INDFMPIR|DMDEDUC3,GREF_AMR|GREF_EUR|GREF_SAS|GREF_entropy,WTMEC2YR,-4.270174721012839,2.9876069794268885,7.257781700439727,-0.062242943128138196,-0.13003202809188472,0.035175366057736086,-0.10121635642720073,-0.15968384839664912,-0.01582612313535096,-0.0018120536809742647,-0.017749844685339577,0.015480207820549026,False,0.7,4055,10
RetiSEM_GAM,"LBXAPB -> Artery_Vessel_density -> LBXGLU | Z,G",LBXAPB,Artery_Vessel_density,LBXGLU,RIDAGEYR|RIAGENDR|RIDRETH1|INDFMPIR|DMDEDUC3,GREF_AMR|GREF_EUR|GREF_SAS|GREF_entropy,WTMEC2YR,-4.270174721012839,2.9876069794268885,7.257781700439727,-0.7454724775809046,-1.7780713682664593,0.12521034052501268,-0.6362901729567068,-1.725608058169626,0.2072398722017491,0.10216861215787579,-0.06948330791316025,0.2836794800326601,False,0.9,4055,10
RetiSEM_GAM,"LBXAPB -> Artery_Fractal_dimension -> LBXGLU | Z,G",LBXAPB,Artery_Fractal_dimension,LBXGLU,RIDAGEYR|RIAGENDR|RIDRETH1|INDFMPIR|DMDEDUC3,GREF_AMR|GREF_EUR|GREF_SAS|GREF_entropy,WTMEC2YR,-4.270174721012839,2.9876069794268885,7.257781700439727,-0.7454724775809046,-1.7780713682664593,0.12521034052501268,-0.6362901729567068,-1.725608058169626,0.2072398722017491,-0.13037338313821314,-0.280950957545404,0.023130329514805297,False,0.9,4055,10
RetiSEM_GAM,"LBXAPB -> Artery_Average_width -> LBXGLU | Z,G",LBXAPB,Artery_Average_width,LBXGLU,RIDAGEYR|RIAGENDR|RIDRETH1|INDFMPIR|DMDEDUC3,GREF_AMR|GREF_EUR|GREF_SAS|GREF_entropy,WTMEC2YR,-4.270174721012839,2.9876069794268885,7.257781700439727,-0.7454724775809046,-1.7780713682664593,0.12521034052501268,-0.6362901729567068,-1.725608058169626,0.2072398722017491,-0.03803290649796793,-0.17834541568278187,0.029918922605125072,False,0.7,4055,10
RetiSEM_GAM,"LBXAPB -> Artery_Tortuosity_density -> LBXGLU | Z,G",LBXAPB,Artery_Tortuosity_density,LBXGLU,RIDAGEYR|RIAGENDR|RIDRETH1|INDFMPIR|DMDEDUC3,GREF_AMR|GREF_EUR|GREF_SAS|GREF_entropy,WTMEC2YR,-4.270174721012839,2.9876069794268885,7.257781700439727,-0.7454724775809046,-1.7780713682664593,0.12521034052501268,-0.6362901729567068,-1.725608058169626,0.2072398722017491,0.023145045615585218,-0.10053683353869443,0.1692675655689139,False,0.6,4055,10
RetiSEM_GAM,"LBXAPB -> Artery_Distance_tortuosity -> LBXGLU | Z,G",LBXAPB,Artery_Distance_tortuosity,LBXGLU,RIDAGEYR|RIAGENDR|RIDRETH1|INDFMPIR|DMDEDUC3,GREF_AMR|GREF_EUR|GREF_SAS|GREF_entropy,WTMEC2YR,-4.270174721012839,2.9876069794268885,7.257781700439727,-0.7454724775809046,-1.7780713682664593,0.12521034052501268,-0.6362901729567068,-1.725608058169626,0.2072398722017491,-0.028502398063826262,-0.1854935835324027,0.08369118064682014,False,0.6,4055,10
RetiSEM_GAM,"LBXAPB -> Vein_Tortuosity_density -> LBXGLU | Z,G",LBXAPB,Vein_Tortuosity_density,LBXGLU,RIDAGEYR|RIAGENDR|RIDRETH1|INDFMPIR|DMDEDUC3,GREF_AMR|GREF_EUR|GREF_SAS|GREF_entropy,WTMEC2YR,-4.270174721012839,2.9876069794268885,7.257781700439727,-0.7454724775809046,-1.7780713682664593,0.12521034052501268,-0.6362901729567068,-1.725608058169626,0.2072398722017491,0.0032471279793151314,-0.036102800822839086,0.02212148764774873,False,0.8,4055,10
RetiSEM_GAM,"LBXAPB -> Vein_Distance_tortuosity -> LBXGLU | Z,G",LBXAPB,Vein_Distance_tortuosity,LBXGLU,RIDAGEYR|RIAGENDR|RIDRETH1|INDFMPIR|DMDEDUC3,GREF_AMR|GREF_EUR|GREF_SAS|GREF_entropy,WTMEC2YR,-4.270174721012839,2.9876069794268885,7.257781700439727,-0.7454724775809046,-1.7780713682664593,0.12521034052501268,-0.6362901729567068,-1.725608058169626,0.2072398722017491,-0.08451371596050636,-0.15890926467758684,-0.008865460603917385,True,1.0,4055,10
RetiSEM_GAM,"LBXAPB -> Artery_Vessel_density -> LBXGH | Z,G",LBXAPB,Artery_Vessel_density,LBXGH,RIDAGEYR|RIAGENDR|RIDRETH1|INDFMPIR|DMDEDUC3,GREF_AMR|GREF_EUR|GREF_SAS|GREF_entropy,WTMEC2YR,-4.270174721012839,2.9876069794268885,7.257781700439727,0.09952873500308061,-0.780632556693899,0.7827339550504904,0.1683986023651388,-0.838692923506381,0.9323892637285219,0.08179225213818793,-0.1411643448909171,0.436144879918874,False,0.7,4055,10
RetiSEM_GAM,"LBXAPB -> Artery_Fractal_dimension -> LBXGH | Z,G",LBXAPB,Artery_Fractal_dimension,LBXGH,RIDAGEYR|RIAGENDR|RIDRETH1|INDFMPIR|DMDEDUC3,GREF_AMR|GREF_EUR|GREF_SAS|GREF_entropy,WTMEC2YR,-4.270174721012839,2.9876069794268885,7.257781700439727,0.09952873500308061,-0.780632556693899,0.7827339550504904,0.1683986023651388,-0.838692923506381,0.9323892637285219,-0.18138321892013523,-0.5576600263804125,0.09494388742118262,False,0.8,4055,10
RetiSEM_GAM,"LBXAPB -> Artery_Average_width -> LBXGH | Z,G",LBXAPB,Artery_Average_width,LBXGH,RIDAGEYR|RIAGENDR|RIDRETH1|INDFMPIR|DMDEDUC3,GREF_AMR|GREF_EUR|GREF_SAS|GREF_entropy,WTMEC2YR,-4.270174721012839,2.9876069794268885,7.257781700439727,0.09952873500308061,-0.780632556693899,0.7827339550504904,0.1683986023651388,-0.838692923506381,0.9323892637285219,-0.11270008866305528,-0.3194074204872004,0.052448607564627985,False,0.8,4055,10
RetiSEM_GAM,"LBXAPB -> Artery_Tortuosity_density -> LBXGH | Z,G",LBXAPB,Artery_Tortuosity_density,LBXGH,RIDAGEYR|RIAGENDR|RIDRETH1|INDFMPIR|DMDEDUC3,GREF_AMR|GREF_EUR|GREF_SAS|GREF_entropy,WTMEC2YR,-4.270174721012839,2.9876069794268885,7.257781700439727,0.09952873500308061,-0.780632556693899,0.7827339550504904,0.1683986023651388,-0.838692923506381,0.9323892637285219,0.06363434348016384,-0.03384295094569358,0.19288636579855756,False,0.8,4055,10
RetiSEM_GAM,"LBXAPB -> Artery_Distance_tortuosity -> LBXGH | Z,G",LBXAPB,Artery_Distance_tortuosity,LBXGH,RIDAGEYR|RIAGENDR|RIDRETH1|INDFMPIR|DMDEDUC3,GREF_AMR|GREF_EUR|GREF_SAS|GREF_entropy,WTMEC2YR,-4.270174721012839,2.9876069794268885,7.257781700439727,0.09952873500308061,-0.780632556693899,0.7827339550504904,0.1683986023651388,-0.838692923506381,0.9323892637285219,-0.03842615662243365,-0.2026894650423854,0.061190196921646955,False,0.6,4055,10
RetiSEM_GAM,"LBXAPB -> Vein_Tortuosity_density -> LBXGH | Z,G",LBXAPB,Vein_Tortuosity_density,LBXGH,RIDAGEYR|RIAGENDR|RIDRETH1|INDFMPIR|DMDEDUC3,GREF_AMR|GREF_EUR|GREF_SAS|GREF_entropy,WTMEC2YR,-4.270174721012839,2.9876069794268885,7.257781700439727,0.09952873500308061,-0.780632556693899,0.7827339550504904,0.1683986023651388,-0.838692923506381,0.9323892637285219,0.016834718914279567,-0.022834675692332076,0.08392748638806519,False,0.5,4055,10
RetiSEM_GAM,"LBXAPB -> Vein_Distance_tortuosity -> LBXGH | Z,G",LBXAPB,Vein_Distance_tortuosity,LBXGH,RIDAGEYR|RIAGENDR|RIDRETH1|INDFMPIR|DMDEDUC3,GREF_AMR|GREF_EUR|GREF_SAS|GREF_entropy,WTMEC2YR,-4.270174721012839,2.9876069794268885,7.257781700439727,0.09952873500308061,-0.780632556693899,0.7827339550504904,0.1683986023651388,-0.838692923506381,0.9323892637285219,-0.07765340134447571,-0.16916304972528484,0.019270830974532256,False,0.9,4055,10
RetiSEM_GAM,"LBXAPB -> Artery_Vessel_density -> LBXIN | Z,G",LBXAPB,Artery_Vessel_density,LBXIN,RIDAGEYR|RIAGENDR|RIDRETH1|INDFMPIR|DMDEDUC3,GREF_AMR|GREF_EUR|GREF_SAS|GREF_entropy,WTMEC2YR,-4.270174721012839,2.9876069794268885,7.257781700439727,0.40164554025796784,-1.9927656450998263,1.986858344255528,0.43013193093954144,-1.7908932895573741,2.059788287370121,0.18354541957250217,-0.04002055437350187,0.43100716486077173,False,0.9,4055,10
RetiSEM_GAM,"LBXAPB -> Artery_Fractal_dimension -> LBXIN | Z,G",LBXAPB,Artery_Fractal_dimension,LBXIN,RIDAGEYR|RIAGENDR|RIDRETH1|INDFMPIR|DMDEDUC3,GREF_AMR|GREF_EUR|GREF_SAS|GREF_entropy,WTMEC2YR,-4.270174721012839,2.9876069794268885,7.257781700439727,0.40164554025796784,-1.9927656450998263,1.986858344255528,0.43013193093954144,-1.7908932895573741,2.059788287370121,-0.07961772424273975,-0.22372590842655612,0.09443039461701157,False,0.8,4055,10
RetiSEM_GAM,"LBXAPB -> Artery_Average_width -> LBXIN | Z,G",LBXAPB,Artery_Average_width,LBXIN,RIDAGEYR|RIAGENDR|RIDRETH1|INDFMPIR|DMDEDUC3,GREF_AMR|GREF_EUR|GREF_SAS|GREF_entropy,WTMEC2YR,-4.270174721012839,2.9876069794268885,7.257781700439727,0.40164554025796784,-1.9927656450998263,1.986858344255528,0.43013193093954144,-1.7908932895573741,2.059788287370121,-0.03593299585064349,-0.0791240421847286,0.042408288946352644,False,0.8,4055,10
RetiSEM_GAM,"LBXAPB -> Artery_Tortuosity_density -> LBXIN | Z,G",LBXAPB,Artery_Tortuosity_density,LBXIN,RIDAGEYR|RIAGENDR|RIDRETH1|INDFMPIR|DMDEDUC3,GREF_AMR|GREF_EUR|GREF_SAS|GREF_entropy,WTMEC2YR,-4.270174721012839,2.9876069794268885,7.257781700439727,0.40164554025796784,-1.9927656450998263,1.986858344255528,0.43013193093954144,-1.7908932895573741,2.059788287370121,0.07419348775536218,-0.01758366743499728,0.268629538632143,False,0.6,4055,10
RetiSEM_GAM,"LBXAPB -> Artery_Distance_tortuosity -> LBXIN | Z,G",LBXAPB,Artery_Distance_tortuosity,LBXIN,RIDAGEYR|RIAGENDR|RIDRETH1|INDFMPIR|DMDEDUC3,GREF_AMR|GREF_EUR|GREF_SAS|GREF_entropy,WTMEC2YR,-4.270174721012839,2.9876069794268885,7.257781700439727,0.40164554025796784,-1.9927656450998263,1.986858344255528,0.43013193093954144,-1.7908932895573741,2.059788287370121,0.04236143057835821,-0.013610980415085325,0.1273307258310973,False,0.7,4055,10
RetiSEM_GAM,"LBXAPB -> Vein_Tortuosity_density -> LBXIN | Z,G",LBXAPB,Vein_Tortuosity_density,LBXIN,RIDAGEYR|RIAGENDR|RIDRETH1|INDFMPIR|DMDEDUC3,GREF_AMR|GREF_EUR|GREF_SAS|GREF_entropy,WTMEC2YR,-4.270174721012839,2.9876069794268885,7.257781700439727,0.40164554025796784,-1.9927656450998263,1.986858344255528,0.43013193093954144,-1.7908932895573741,2.059788287370121,0.006087245045423687,-0.008571102386829333,0.030674326732343018,False,0.7,4055,10
RetiSEM_GAM,"LBXAPB -> Vein_Distance_tortuosity -> LBXIN | Z,G",LBXAPB,Vein_Distance_tortuosity,LBXIN,RIDAGEYR|RIAGENDR|RIDRETH1|INDFMPIR|DMDEDUC3,GREF_AMR|GREF_EUR|GREF_SAS|GREF_entropy,WTMEC2YR,-4.270174721012839,2.9876069794268885,7.257781700439727,0.40164554025796784,-1.9927656450998263,1.986858344255528,0.43013193093954144,-1.7908932895573741,2.059788287370121,-0.072407400619376,-0.16149066080155128,0.00876749341725597,False,0.8,4055,10
RetiSEM_GAM,"LBXAPB -> Artery_Vessel_density -> LBXCRP | Z,G",LBXAPB,Artery_Vessel_density,LBXCRP,RIDAGEYR|RIAGENDR|RIDRETH1|INDFMPIR|DMDEDUC3,GREF_AMR|GREF_EUR|GREF_SAS|GREF_entropy,WTMEC2YR,-4.270174721012839,2.9876069794268885,7.257781700439727,0.8439211033704102,-0.355612691837832,3.0382706967686173,0.8332880046140285,-0.22116707982964023,2.9088347692769734,0.01043441262001634,-0.2662363813370944,0.588424615674534,False,0.3,4055,10
RetiSEM_GAM,"LBXAPB -> Artery_Fractal_dimension -> LBXCRP | Z,G",LBXAPB,Artery_Fractal_dimension,LBXCRP,RIDAGEYR|RIAGENDR|RIDRETH1|INDFMPIR|DMDEDUC3,GREF_AMR|GREF_EUR|GREF_SAS|GREF_entropy,WTMEC2YR,-4.270174721012839,2.9876069794268885,7.257781700439727,0.8439211033704102,-0.355612691837832,3.0382706967686173,0.8332880046140285,-0.22116707982964023,2.9088347692769734,-0.13764914421227037,-0.7981914069139591,0.09524775303763754,False,0.5,4055,10
RetiSEM_GAM,"LBXAPB -> Artery_Average_width -> LBXCRP | Z,G",LBXAPB,Artery_Average_width,LBXCRP,RIDAGEYR|RIAGENDR|RIDRETH1|INDFMPIR|DMDEDUC3,GREF_AMR|GREF_EUR|GREF_SAS|GREF_entropy,WTMEC2YR,-4.270174721012839,2.9876069794268885,7.257781700439727,0.8439211033704102,-0.355612691837832,3.0382706967686173,0.8332880046140285,-0.22116707982964023,2.9088347692769734,-0.05321367811502452,-0.12358204879740232,0.05106174714934713,False,0.7,4055,10
RetiSEM_GAM,"LBXAPB -> Artery_Tortuosity_density -> LBXCRP | Z,G",LBXAPB,Artery_Tortuosity_density,LBXCRP,RIDAGEYR|RIAGENDR|RIDRETH1|INDFMPIR|DMDEDUC3,GREF_AMR|GREF_EUR|GREF_SAS|GREF_entropy,WTMEC2YR,-4.270174721012839,2.9876069794268885,7.257781700439727,0.8439211033704102,-0.355612691837832,3.0382706967686173,0.8332880046140285,-0.22116707982964023,2.9088347692769734,0.13094604967743104,-0.1227750086929011,0.9085535635527566,False,0.7,4055,10
RetiSEM_GAM,"LBXAPB -> Artery_Distance_tortuosity -> LBXCRP | Z,G",LBXAPB,Artery_Distance_tortuosity,LBXCRP,RIDAGEYR|RIAGENDR|RIDRETH1|INDFMPIR|DMDEDUC3,GREF_AMR|GREF_EUR|GREF_SAS|GREF_entropy,WTMEC2YR,-4.270174721012839,2.9876069794268885,7.257781700439727,0.8439211033704102,-0.355612691837832,3.0382706967686173,0.8332880046140285,-0.22116707982964023,2.9088347692769734,0.04329986240226959,-0.0439279259246915,0.13084799762529015,False,0.8,4055,10
RetiSEM_GAM,"LBXAPB -> Vein_Tortuosity_density -> LBXCRP | Z,G",LBXAPB,Vein_Tortuosity_density,LBXCRP,RIDAGEYR|RIAGENDR|RIDRETH1|INDFMPIR|DMDEDUC3,GREF_AMR|GREF_EUR|GREF_SAS|GREF_entropy,WTMEC2YR,-4.270174721012839,2.9876069794268885,7.257781700439727,0.8439211033704102,-0.355612691837832,3.0382706967686173,0.8332880046140285,-0.22116707982964023,2.9088347692769734,0.010122343167501022,-0.098552059416716,0.1456334728853737,False,0.5,4055,10
RetiSEM_GAM,"LBXAPB -> Vein_Distance_tortuosity -> LBXCRP | Z,G",LBXAPB,Vein_Distance_tortuosity,LBXCRP,RIDAGEYR|RIAGENDR|RIDRETH1|INDFMPIR|DMDEDUC3,GREF_AMR|GREF_EUR|GREF_SAS|GREF_entropy,WTMEC2YR,-4.270174721012839,2.9876069794268885,7.257781700439727,0.8439211033704102,-0.355612691837832,3.0382706967686173,0.8332880046140285,-0.22116707982964023,2.9088347692769734,-0.14944258738140878,-0.4623311286329739,0.008231405594403062,False,0.8,4055,10
RetiSEM_GAM,"LBXAPB -> Artery_Vessel_density -> LBXSCR | Z,G",LBXAPB,Artery_Vessel_density,LBXSCR,RIDAGEYR|RIAGENDR|RIDRETH1|INDFMPIR|DMDEDUC3,GREF_AMR|GREF_EUR|GREF_SAS|GREF_entropy,WTMEC2YR,-4.270174721012839,2.9876069794268885,7.257781700439727,0.17248100298171942,-0.7001742490839451,0.9563531267740559,0.1014291067441416,-0.9184721778709433,0.9612505330678788,0.050711077893246206,-0.10617082844805054,0.1806091100098924,False,0.6,4055,10
RetiSEM_GAM,"LBXAPB -> Artery_Fractal_dimension -> LBXSCR | Z,G",LBXAPB,Artery_Fractal_dimension,LBXSCR,RIDAGEYR|RIAGENDR|RIDRETH1|INDFMPIR|DMDEDUC3,GREF_AMR|GREF_EUR|GREF_SAS|GREF_entropy,WTMEC2YR,-4.270174721012839,2.9876069794268885,7.257781700439727,0.17248100298171942,-0.7001742490839451,0.9563531267740559,0.1014291067441416,-0.9184721778709433,0.9612505330678788,-0.002194444491853677,-0.21986819358154802,0.17787200476726955,False,0.4,4055,10
RetiSEM_GAM,"LBXAPB -> Artery_Average_width -> LBXSCR | Z,G",LBXAPB,Artery_Average_width,LBXSCR,RIDAGEYR|RIAGENDR|RIDRETH1|INDFMPIR|DMDEDUC3,GREF_AMR|GREF_EUR|GREF_SAS|GREF_entropy,WTMEC2YR,-4.270174721012839,2.9876069794268885,7.257781700439727,0.17248100298171942,-0.7001742490839451,0.9563531267740559,0.1014291067441416,-0.9184721778709433,0.9612505330678788,-0.004233139502732766,-0.0957083614434282,0.05868962500154048,False,0.5,4055,10
RetiSEM_GAM,"LBXAPB -> Artery_Tortuosity_density -> LBXSCR | Z,G",LBXAPB,Artery_Tortuosity_density,LBXSCR,RIDAGEYR|RIAGENDR|RIDRETH1|INDFMPIR|DMDEDUC3,GREF_AMR|GREF_EUR|GREF_SAS|GREF_entropy,WTMEC2YR,-4.270174721012839,2.9876069794268885,7.257781700439727,0.17248100298171942,-0.7001742490839451,0.9563531267740559,0.1014291067441416,-0.9184721778709433,0.9612505330678788,0.027749391494313026,-0.07728273805664074,0.13705549867901712,False,0.6,4055,10
RetiSEM_GAM,"LBXAPB -> Artery_Distance_tortuosity -> LBXSCR | Z,G",LBXAPB,Artery_Distance_tortuosity,LBXSCR,RIDAGEYR|RIAGENDR|RIDRETH1|INDFMPIR|DMDEDUC3,GREF_AMR|GREF_EUR|GREF_SAS|GREF_entropy,WTMEC2YR,-4.270174721012839,2.9876069794268885,7.257781700439727,0.17248100298171942,-0.7001742490839451,0.9563531267740559,0.1014291067441416,-0.9184721778709433,0.9612505330678788,-0.010854781919018713,-0.0568063693550734,0.04499458337367564,False,0.7,4055,10
RetiSEM_GAM,"LBXAPB -> Vein_Tortuosity_density -> LBXSCR | Z,G",LBXAPB,Vein_Tortuosity_density,LBXSCR,RIDAGEYR|RIAGENDR|RIDRETH1|INDFMPIR|DMDEDUC3,GREF_AMR|GREF_EUR|GREF_SAS|GREF_entropy,WTMEC2YR,-4.270174721012839,2.9876069794268885,7.257781700439727,0.17248100298171942,-0.7001742490839451,0.9563531267740559,0.1014291067441416,-0.9184721778709433,0.9612505330678788,0.013857840143958272,-0.03742515903545218,0.07906088978350867,False,0.7,4055,10
RetiSEM_GAM,"LBXAPB -> Vein_Distance_tortuosity -> LBXSCR | Z,G",LBXAPB,Vein_Distance_tortuosity,LBXSCR,RIDAGEYR|RIAGENDR|RIDRETH1|INDFMPIR|DMDEDUC3,GREF_AMR|GREF_EUR|GREF_SAS|GREF_entropy,WTMEC2YR,-4.270174721012839,2.9876069794268885,7.257781700439727,0.17248100298171942,-0.7001742490839451,0.9563531267740559,0.1014291067441416,-0.9184721778709433,0.9612505330678788,0.015805408904475966,-0.03587933861160369,0.09347467997119019,False,0.5,4055,10
RetiSEM_GAM,"LBXAPB -> Artery_Vessel_density -> URXUMA | Z,G",LBXAPB,Artery_Vessel_density,URXUMA,RIDAGEYR|RIAGENDR|RIDRETH1|INDFMPIR|DMDEDUC3,GREF_AMR|GREF_EUR|GREF_SAS|GREF_entropy,WTMEC2YR,-4.270174721012839,2.9876069794268885,7.257781700439727,0.4447251320083785,-0.5792533410259983,1.8900696314956091,0.4216551173134627,-0.5804491117477643,1.9835481642292854,0.12917413102949094,0.009326934149789985,0.35961660980834304,True,1.0,4055,10
RetiSEM_GAM,"LBXAPB -> Artery_Fractal_dimension -> URXUMA | Z,G",LBXAPB,Artery_Fractal_dimension,URXUMA,RIDAGEYR|RIAGENDR|RIDRETH1|INDFMPIR|DMDEDUC3,GREF_AMR|GREF_EUR|GREF_SAS|GREF_entropy,WTMEC2YR,-4.270174721012839,2.9876069794268885,7.257781700439727,0.4447251320083785,-0.5792533410259983,1.8900696314956091,0.4216551173134627,-0.5804491117477643,1.9835481642292854,-0.14399667872824284,-0.46780411468009103,0.04678248083866785,False,0.8,4055,10
RetiSEM_GAM,"LBXAPB -> Artery_Average_width -> URXUMA | Z,G",LBXAPB,Artery_Average_width,URXUMA,RIDAGEYR|RIAGENDR|RIDRETH1|INDFMPIR|DMDEDUC3,GREF_AMR|GREF_EUR|GREF_SAS|GREF_entropy,WTMEC2YR,-4.270174721012839,2.9876069794268885,7.257781700439727,0.4447251320083785,-0.5792533410259983,1.8900696314956091,0.4216551173134627,-0.5804491117477643,1.9835481642292854,-0.025091517198027997,-0.17149338313653537,0.08308210380680815,False,0.6,4055,10
RetiSEM_GAM,"LBXAPB -> Artery_Tortuosity_density -> URXUMA | Z,G",LBXAPB,Artery_Tortuosity_density,URXUMA,RIDAGEYR|RIAGENDR|RIDRETH1|INDFMPIR|DMDEDUC3,GREF_AMR|GREF_EUR|GREF_SAS|GREF_entropy,WTMEC2YR,-4.270174721012839,2.9876069794268885,7.257781700439727,0.4447251320083785,-0.5792533410259983,1.8900696314956091,0.4216551173134627,-0.5804491117477643,1.9835481642292854,-0.08701860318565562,-0.5231749499478251,0.07815340306716395,False,0.5,4055,10
RetiSEM_GAM,"LBXAPB -> Artery_Distance_tortuosity -> URXUMA | Z,G",LBXAPB,Artery_Distance_tortuosity,URXUMA,RIDAGEYR|RIAGENDR|RIDRETH1|INDFMPIR|DMDEDUC3,GREF_AMR|GREF_EUR|GREF_SAS|GREF_entropy,WTMEC2YR,-4.270174721012839,2.9876069794268885,7.257781700439727,0.4447251320083785,-0.5792533410259983,1.8900696314956091,0.4216551173134627,-0.5804491117477643,1.9835481642292854,-0.020624196245365524,-0.121637505802214,0.07200368175409548,False,0.7,4055,10
RetiSEM_GAM,"LBXAPB -> Vein_Tortuosity_density -> URXUMA | Z,G",LBXAPB,Vein_Tortuosity_density,URXUMA,RIDAGEYR|RIAGENDR|RIDRETH1|INDFMPIR|DMDEDUC3,GREF_AMR|GREF_EUR|GREF_SAS|GREF_entropy,WTMEC2YR,-4.270174721012839,2.9876069794268885,7.257781700439727,0.4447251320083785,-0.5792533410259983,1.8900696314956091,0.4216551173134627,-0.5804491117477643,1.9835481642292854,0.02330386389539193,-0.0483133645515346,0.19423664891009285,False,0.4,4055,10
RetiSEM_GAM,"LBXAPB -> Vein_Distance_tortuosity -> URXUMA | Z,G",LBXAPB,Vein_Distance_tortuosity,URXUMA,RIDAGEYR|RIAGENDR|RIDRETH1|INDFMPIR|DMDEDUC3,GREF_AMR|GREF_EUR|GREF_SAS|GREF_entropy,WTMEC2YR,-4.270174721012839,2.9876069794268885,7.257781700439727,0.4447251320083785,-0.5792533410259983,1.8900696314956091,0.4216551173134627,-0.5804491117477643,1.9835481642292854,-0.06674172528229608,-0.2059839045282718,0.05382222263265065,False,0.6,4055,10
RetiSEM_GAM,"LBXAPB -> Artery_Vessel_density -> URXUCR | Z,G",LBXAPB,Artery_Vessel_density,URXUCR,RIDAGEYR|RIAGENDR|RIDRETH1|INDFMPIR|DMDEDUC3,GREF_AMR|GREF_EUR|GREF_SAS|GREF_entropy,WTMEC2YR,-4.270174721012839,2.9876069794268885,7.257781700439727,0.262421975780147,-0.7037905163092919,1.3783023701468677,-0.11922314400741518,-1.0588046227253711,0.9924021697449062,0.03408426003549782,-0.3478438416421099,0.3207298321832909,False,0.6,4055,10
RetiSEM_GAM,"LBXAPB -> Artery_Fractal_dimension -> URXUCR | Z,G",LBXAPB,Artery_Fractal_dimension,URXUCR,RIDAGEYR|RIAGENDR|RIDRETH1|INDFMPIR|DMDEDUC3,GREF_AMR|GREF_EUR|GREF_SAS|GREF_entropy,WTMEC2YR,-4.270174721012839,2.9876069794268885,7.257781700439727,0.262421975780147,-0.7037905163092919,1.3783023701468677,-0.11922314400741518,-1.0588046227253711,0.9924021697449062,0.011548279538717243,-0.4034737078786274,0.39572786002100824,False,0.3,4055,10
RetiSEM_GAM,"LBXAPB -> Artery_Average_width -> URXUCR | Z,G",LBXAPB,Artery_Average_width,URXUCR,RIDAGEYR|RIAGENDR|RIDRETH1|INDFMPIR|DMDEDUC3,GREF_AMR|GREF_EUR|GREF_SAS|GREF_entropy,WTMEC2YR,-4.270174721012839,2.9876069794268885,7.257781700439727,0.262421975780147,-0.7037905163092919,1.3783023701468677,-0.11922314400741518,-1.0588046227253711,0.9924021697449062,-0.05579390381640681,-0.21544862493837932,0.06998691928863492,False,0.6,4055,10
RetiSEM_GAM,"LBXAPB -> Artery_Tortuosity_density -> URXUCR | Z,G",LBXAPB,Artery_Tortuosity_density,URXUCR,RIDAGEYR|RIAGENDR|RIDRETH1|INDFMPIR|DMDEDUC3,GREF_AMR|GREF_EUR|GREF_SAS|GREF_entropy,WTMEC2YR,-4.270174721012839,2.9876069794268885,7.257781700439727,0.262421975780147,-0.7037905163092919,1.3783023701468677,-0.11922314400741518,-1.0588046227253711,0.9924021697449062,0.044540456017643525,-0.5001747471816222,0.2913109556315506,False,0.7,4055,10
RetiSEM_GAM,"LBXAPB -> Artery_Distance_tortuosity -> URXUCR | Z,G",LBXAPB,Artery_Distance_tortuosity,URXUCR,RIDAGEYR|RIAGENDR|RIDRETH1|INDFMPIR|DMDEDUC3,GREF_AMR|GREF_EUR|GREF_SAS|GREF_entropy,WTMEC2YR,-4.270174721012839,2.9876069794268885,7.257781700439727,0.262421975780147,-0.7037905163092919,1.3783023701468677,-0.11922314400741518,-1.0588046227253711,0.9924021697449062,0.008212473235162663,-0.1679136536267535,0.18166014088805513,False,0.5,4055,10
RetiSEM_GAM,"LBXAPB -> Vein_Tortuosity_density -> URXUCR | Z,G",LBXAPB,Vein_Tortuosity_density,URXUCR,RIDAGEYR|RIAGENDR|RIDRETH1|INDFMPIR|DMDEDUC3,GREF_AMR|GREF_EUR|GREF_SAS|GREF_entropy,WTMEC2YR,-4.270174721012839,2.9876069794268885,7.257781700439727,0.262421975780147,-0.7037905163092919,1.3783023701468677,-0.11922314400741518,-1.0588046227253711,0.9924021697449062,0.004317095945338533,-0.04114192695801881,0.12276391612695223,False,0.5,4055,10
RetiSEM_GAM,"LBXAPB -> Vein_Distance_tortuosity -> URXUCR | Z,G",LBXAPB,Vein_Distance_tortuosity,URXUCR,RIDAGEYR|RIAGENDR|RIDRETH1|INDFMPIR|DMDEDUC3,GREF_AMR|GREF_EUR|GREF_SAS|GREF_entropy,WTMEC2YR,-4.270174721012839,2.9876069794268885,7.257781700439727,0.262421975780147,-0.7037905163092919,1.3783023701468677,-0.11922314400741518,-1.0588046227253711,0.9924021697449062,-0.009192816743299085,-0.21740063450757846,0.10430550193898129,False,0.3,4055,10
